,sector,StartDate,Category,activity,Indicator,Indicator2,Governorate,Gender,Partner,SiteType,appeal,Fundedby,allocation,rcode,gcode,Value,Units,location,region,poptype
21,FOOD/LIVELIHOOD,01/02/2015,Access to Food,[REF1.1]Food Assistance,# of Syrian refugees receiving food vouchers or other forms of food assistance,Urban/Rural Syrian Men (Age 18 and above) # of Syrian refugees receiving food vouchers or other forms of food assistance,AJLOUN,Men,WFP,   Urban areas - ,Direct appeal,None - Fund direct from Donors,Yes,1,1701,2980,# of benef.,Ajlun Governorate,North,Urban
71,FOOD/LIVELIHOOD,01/01/2015,Access to Food,[REF1.1]Food Assistance,# of Syrian refugees receiving food vouchers or other forms of food assistance,Urban/Rural Syrian Women (Age 18 and above) # of Syrian refugees receiving food vouchers or other forms of food assistance,AJLOUN,Women,WFP,   Urban areas - ,Direct appeal,None - Fund direct from Donors,Yes,1,1701,3433,# of benef.,Ajlun Governorate,North,Urban
72,FOOD/LIVELIHOOD,01/02/2015,Access to Food,[REF1.1]Food Assistance,# of Syrian refugees receiving food vouchers or other forms of food assistance,Urban/Rural Syrian Boys (Age 0-17) # of Syrian refugees receiving food vouchers or other forms of food assistance,AJLOUN,Boys,WFP,   Urban areas - ,Direct appeal,None - Fund direct from Donors,Yes,1,1701,3641,# of benef,Ajlun Governorate,North,Urban
96,FOOD/LIVELIHOOD,01/02/2015,Access to Food,[REF1.1]Food Assistance,# of Syrian refugees receiving food vouchers or other forms of food assistance,Urban/Rural Syrian Girls (Age 0-17) # of Syrian refugees receiving food vouchers or other forms of food assistance,AJLOUN,Girls,WFP,   Urban areas - ,Direct appeal,None - Fund direct from Donors,Yes,1,1701,3425,# of benef.,Ajlun Governorate,North,Urban
97,FOOD/LIVELIHOOD,01/01/2015,Access to Food,[REF1.1]Food Assistance,# of Syrian refugees receiving food vouchers or other forms of food assistance,Urban/Rural Syrian Girls (Age 0-17) # of Syrian refugees receiving food vouchers or other forms of food assistance,AJLOUN,Girls,WFP,   Urban areas - ,Direct appeal,None - Fund direct from Donors,Yes,1,1701,3419,# of benef.,Ajlun Governorate,North,Urban
136,FOOD/LIVELIHOOD,01/02/2015,Access to Food,[REF1.1]Food Assistance,# of Syrian refugees receiving food vouchers or other forms of food assistance,Urban/Rural Syrian Women (Age 18 and above) # of Syrian refugees receiving food vouchers or other forms of food assistance,AJLOUN,Women,WFP,   Urban areas - ,Direct appeal,None - Fund direct from Donors,Yes,1,1701,3438,# of benef.,Ajlun Governorate,North,Urban
144,FOOD/LIVELIHOOD,01/01/2015,Access to Food,[REF1.1]Food Assistance,# of Syrian refugees receiving food vouchers or other forms of food assistance,Urban/Rural Syrian Boys (Age 0-17) # of Syrian refugees receiving food vouchers or other forms of food assistance,AJLOUN,Boys,WFP,   Urban areas - ,Direct appeal,None - Fund direct from Donors,Yes,1,1701,3635,# of benef,Ajlun Governorate,North,Urban
194,FOOD/LIVELIHOOD,01/01/2015,Access to Food,[REF1.1]Food Assistance,# of Syrian refugees receiving food vouchers or other forms of food assistance,Urban/Rural Syrian Men (Age 18 and above) # of Syrian refugees receiving food vouchers or other forms of food assistance,AJLOUN,Men,WFP,   Urban areas - ,Direct appeal,None - Fund direct from Donors,Yes,1,1701,2975,# of benef.,Ajlun Governorate,North,Urban
342,FOOD/LIVELIHOOD,01/01/2015,Access to Food,[REF1.1]Food Assistance,# of Syrian refugees receiving food vouchers or other forms of food assistance,Urban/Rural Syrian Women (Age 18 and above) # of Syrian refugees receiving food vouchers or other forms of food assistance,BALQA,Women,WFP,   Urban areas - ,Direct appeal,None - Fund direct from Donors,Yes,2,1702,4617,# of benef.,Al Balqa Governorate,Center,Urban
343,FOOD/LIVELIHOOD,01/02/2015,Access to Food,[REF1.1]Food Assistance,# of Syrian refugees receiving food vouchers or other forms of food assistance,Urban/Rural Syrian Men (Age 18 and above) # of Syrian refugees receiving food vouchers or other forms of food assistance,BALQA,Men,WFP,   Urban areas - ,Direct appeal,None - Fund direct from Donors,Yes,2,1702,4050,# of benef.,Al Balqa Governorate,Center,Urban
463,FOOD/LIVELIHOOD,01/01/2015,Access to Food,[REF1.1]Food Assistance,# of Syrian refugees receiving food vouchers or other forms of food assistance,Urban/Rural Syrian Boys (Age 0-17) # of Syrian refugees receiving food vouchers or other forms of food assistance,BALQA,Boys,WFP,   Urban areas - ,Direct appeal,None - Fund direct from Donors,Yes,2,1702,4889,# of benef,Al Balqa Governorate,Center,Urban
488,FOOD/LIVELIHOOD,01/02/2015,Access to Food,[REF1.1]Food Assistance,# of Syrian refugees receiving food vouchers or other forms of food assistance,Urban/Rural Syrian Boys (Age 0-17) # of Syrian refugees receiving food vouchers or other forms of food assistance,BALQA,Boys,WFP,   Urban areas - ,Direct appeal,None - Fund direct from Donors,Yes,2,1702,4948,# of benef,Al Balqa Governorate,Center,Urban
502,FOOD/LIVELIHOOD,01/02/2015,Access to Food,[REF1.1]Food Assistance,# of Syrian refugees receiving food vouchers or other forms of food assistance,Urban/Rural Syrian Women (Age 18 and above) # of Syrian refugees receiving food vouchers or other forms of food assistance,BALQA,Women,WFP,   Urban areas - ,Direct appeal,None - Fund direct from Donors,Yes,2,1702,4673,# of benef.,Al Balqa Governorate,Center,Urban
512,FOOD/LIVELIHOOD,01/01/2015,Access to Food,[REF1.1]Food Assistance,# of Syrian refugees receiving food vouchers or other forms of food assistance,Urban/Rural Syrian Men (Age 18 and above) # of Syrian refugees receiving food vouchers or other forms of food assistance,BALQA,Men,WFP,   Urban areas - ,Direct appeal,None - Fund direct from Donors,Yes,2,1702,4001,# of benef.,Al Balqa Governorate,Center,Urban
535,FOOD/LIVELIHOOD,01/02/2015,Access to Food,[REF1.1]Food Assistance,# of Syrian refugees receiving food vouchers or other forms of food assistance,Urban/Rural Syrian Girls (Age 0-17) # of Syrian refugees receiving food vouchers or other forms of food assistance,BALQA,Girls,WFP,   Urban areas - ,Direct appeal,None - Fund direct from Donors,Yes,2,1702,4655,# of benef.,Al Balqa Governorate,Center,Urban
543,FOOD/LIVELIHOOD,01/01/2015,Access to Food,[REF1.1]Food Assistance,# of Syrian refugees receiving food vouchers or other forms of food assistance,Urban/Rural Syrian Girls (Age 0-17) # of Syrian refugees receiving food vouchers or other forms of food assistance,BALQA,Girls,WFP,   Urban areas - ,Direct appeal,None - Fund direct from Donors,Yes,2,1702,4599,# of benef.,Al Balqa Governorate,Center,Urban
701,FOOD/LIVELIHOOD,01/01/2015,Access to Food,[REF1.1]Food Assistance,# of Syrian refugees receiving food vouchers or other forms of food assistance,Urban/Rural Syrian Girls (Age 0-17) # of Syrian refugees receiving food vouchers or other forms of food assistance,AMMAN,Girls,WFP,   Urban areas - ,Direct appeal,None - Fund direct from Donors,Yes,2,1705,35960,# of benef.,Amman Governorate,Center,Urban
942,FOOD/LIVELIHOOD,01/01/2015,Access to Food,[REF1.1]Food Assistance,# of Syrian refugees receiving food vouchers or other forms of food assistance,Urban/Rural Syrian Women (Age 18 and above) # of Syrian refugees receiving food vouchers or other forms of food assistance,AMMAN,Women,WFP,   Urban areas - ,Direct appeal,None - Fund direct from Donors,Yes,2,1705,36101,# of benef.,Amman Governorate,Center,Urban
1020,FOOD/LIVELIHOOD,01/01/2015,Access to Food,[REF1.1]Food Assistance,# of Syrian refugees receiving food vouchers or other forms of food assistance,Urban/Rural Syrian Men (Age 18 and above) # of Syrian refugees receiving food vouchers or other forms of food assistance,AMMAN,Men,WFP,   Urban areas - ,Direct appeal,None - Fund direct from Donors,Yes,2,1705,31288,# of benef.,Amman Governorate,Center,Urban
1021,FOOD/LIVELIHOOD,01/02/2015,Access to Food,[REF1.1]Food Assistance,# of Syrian refugees receiving food vouchers or other forms of food assistance,Urban/Rural Syrian Girls (Age 0-17) # of Syrian refugees receiving food vouchers or other forms of food assistance,AMMAN,Girls,WFP,   Urban areas - ,Direct appeal,None - Fund direct from Donors,Yes,2,1705,36815,# of benef.,Amman Governorate,Center,Urban
1022,FOOD/LIVELIHOOD,01/02/2015,Access to Food,[REF1.1]Food Assistance,# of Syrian refugees receiving food vouchers or other forms of food assistance,Urban/Rural Syrian Boys (Age 0-17) # of Syrian refugees receiving food vouchers or other forms of food assistance,AMMAN,Boys,WFP,   Urban areas - ,Direct appeal,None - Fund direct from Donors,Yes,2,1705,39134,# of benef,Amman Governorate,Center,Urban
1057,FOOD/LIVELIHOOD,01/02/2015,Access to Food,[REF1.1]Food Assistance,# of Syrian refugees receiving food vouchers or other forms of food assistance,Urban/Rural Syrian Women (Age 18 and above) # of Syrian refugees receiving food vouchers or other forms of food assistance,AMMAN,Women,WFP,   Urban areas - ,Direct appeal,None - Fund direct from Donors,Yes,2,1705,36960,# of benef.,Amman Governorate,Center,Urban
1058,FOOD/LIVELIHOOD,01/02/2015,Access to Food,[REF1.1]Food Assistance,# of Syrian refugees receiving food vouchers or other forms of food assistance,Urban/Rural Syrian Men (Age 18 and above) # of Syrian refugees receiving food vouchers or other forms of food assistance,AMMAN,Men,WFP,   Urban areas - ,Direct appeal,None - Fund direct from Donors,Yes,2,1705,32032,# of benef.,Amman Governorate,Center,Urban
1059,FOOD/LIVELIHOOD,01/01/2015,Access to Food,[REF1.1]Food Assistance,# of Syrian refugees receiving food vouchers or other forms of food assistance,Urban/Rural Syrian Boys (Age 0-17) # of Syrian refugees receiving food vouchers or other forms of food assistance,AMMAN,Boys,WFP,   Urban areas - ,Direct appeal,None - Fund direct from Donors,Yes,2,1705,38225,# of benef,Amman Governorate,Center,Urban
1217,FOOD/LIVELIHOOD,01/01/2015,Access to Food,[REF1.1]Food Assistance,# of Syrian refugees receiving food vouchers or other forms of food assistance,Urban/Rural Syrian Girls (Age 0-17) # of Syrian refugees receiving food vouchers or other forms of food assistance,AQABAH,Girls,WFP,   Urban areas - ,Direct appeal,None - Fund direct from Donors,Yes,3,1703,639,# of benef.,Aqaba Governorate,South,Urban
1224,FOOD/LIVELIHOOD,01/02/2015,Access to Food,[REF1.1]Food Assistance,# of Syrian refugees receiving food vouchers or other forms of food assistance,Urban/Rural Syrian Women (Age 18 and above) # of Syrian refugees receiving food vouchers or other forms of food assistance,AQABAH,Women,WFP,   Urban areas - ,Direct appeal,None - Fund direct from Donors,Yes,3,1703,657,# of benef.,Aqaba Governorate,South,Urban
1235,FOOD/LIVELIHOOD,01/02/2015,Access to Food,[REF1.1]Food Assistance,# of Syrian refugees receiving food vouchers or other forms of food assistance,Urban/Rural Syrian Men (Age 18 and above) # of Syrian refugees receiving food vouchers or other forms of food assistance,AQABAH,Men,WFP,   Urban areas - ,Direct appeal,None - Fund direct from Donors,Yes,3,1703,570,# of benef.,Aqaba Governorate,South,Urban
1271,FOOD/LIVELIHOOD,01/02/2015,Access to Food,[REF1.1]Food Assistance,# of Syrian refugees receiving food vouchers or other forms of food assistance,Urban/Rural Syrian Girls (Age 0-17) # of Syrian refugees receiving food vouchers or other forms of food assistance,AQABAH,Girls,WFP,   Urban areas - ,Direct appeal,None - Fund direct from Donors,Yes,3,1703,655,# of benef.,Aqaba Governorate,South,Urban
1280,FOOD/LIVELIHOOD,01/01/2015,Access to Food,[REF1.1]Food Assistance,# of Syrian refugees receiving food vouchers or other forms of food assistance,Urban/Rural Syrian Boys (Age 0-17) # of Syrian refugees receiving food vouchers or other forms of food assistance,AQABAH,Boys,WFP,   Urban areas - ,Direct appeal,None - Fund direct from Donors,Yes,3,1703,679,# of benef,Aqaba Governorate,South,Urban
1282,FOOD/LIVELIHOOD,01/01/2015,Access to Food,[REF1.1]Food Assistance,# of Syrian refugees receiving food vouchers or other forms of food assistance,Urban/Rural Syrian Men (Age 18 and above) # of Syrian refugees receiving food vouchers or other forms of food assistance,AQABAH,Men,WFP,   Urban areas - ,Direct appeal,None - Fund direct from Donors,Yes,3,1703,556,# of benef.,Aqaba Governorate,South,Urban
1293,FOOD/LIVELIHOOD,01/02/2015,Access to Food,[REF1.1]Food Assistance,# of Syrian refugees receiving food vouchers or other forms of food assistance,Urban/Rural Syrian Boys (Age 0-17) # of Syrian refugees receiving food vouchers or other forms of food assistance,AQABAH,Boys,WFP,   Urban areas - ,Direct appeal,None - Fund direct from Donors,Yes,3,1703,696,# of benef,Aqaba Governorate,South,Urban
1296,FOOD/LIVELIHOOD,01/01/2015,Access to Food,[REF1.1]Food Assistance,# of Syrian refugees receiving food vouchers or other forms of food assistance,Urban/Rural Syrian Women (Age 18 and above) # of Syrian refugees receiving food vouchers or other forms of food assistance,AQABAH,Women,WFP,   Urban areas - ,Direct appeal,None - Fund direct from Donors,Yes,3,1703,641,# of benef.,Aqaba Governorate,South,Urban
1368,FOOD/LIVELIHOOD,01/02/2015,Access to Food,[REF1.1]Food Assistance,# of Syrian refugees receiving food vouchers or other forms of food assistance,Camps Syrian Boys (Age 0-17) # of Syrian refugees receiving food vouchers or other forms of food assistance,IRBID,Boys,WFP,Camp    - ,Direct appeal,None - Fund direct from Donors,Yes,1,1707,206,# of benef,King Abdullah Park Refugee Center,North,Camp
1391,FOOD/LIVELIHOOD,01/01/2015,Access to Food,[REF1.1]Food Assistance,# of Syrian refugees receiving food vouchers or other forms of food assistance,Camps Syrian Men (Age 18 and above) # of Syrian refugees receiving food vouchers or other forms of food assistance,IRBID,Men,WFP,Camp    - ,Direct appeal,None - Fund direct from Donors,Yes,1,1707,159,# of benef.,King Abdullah Park Refugee Center,North,Camp
1406,FOOD/LIVELIHOOD,01/02/2015,Access to Food,[REF1.1]Food Assistance,# of Syrian refugees receiving food vouchers or other forms of food assistance,Camps Syrian Women (Age 18 and above) # of Syrian refugees receiving food vouchers or other forms of food assistance,IRBID,Women,WFP,Camp    - ,Direct appeal,None - Fund direct from Donors,Yes,1,1707,195,# of benef.,King Abdullah Park Refugee Center,North,Camp
1409,FOOD/LIVELIHOOD,01/01/2015,Access to Food,[REF1.1]Food Assistance,# of Syrian refugees receiving food vouchers or other forms of food assistance,Camps Syrian Men (Age 18 and above) # of Syrian refugees receiving food vouchers or other forms of food assistance,IRBID,Men,WFP,Camp    - ,Direct appeal,None - Fund direct from Donors,Yes,1,1707,77,# of benef.,Cyber City Refugee Center,North,Camp
1423,FOOD/LIVELIHOOD,01/01/2015,Access to Food,[REF1.1]Food Assistance,# of newly arriving Syrian refugees receiving welcome meals and / or welcome vouchers,Camps Syrian Men (Age 18 and above) # of newly arriving Syrian refugees receiving welcome meals and / or welcome vouchers,IRBID,Men,WFP,Camp    - ,Direct appeal,None - Fund direct from Donors,Yes,1,1707,163,# of benef.,King Abdullah Park Refugee Center,North,Camp
1428,FOOD/LIVELIHOOD,01/02/2015,Access to Food,[REF1.1]Food Assistance,# of Syrian refugees receiving food vouchers or other forms of food assistance,Camps Syrian Girls (Age 0-17) # of Syrian refugees receiving food vouchers or other forms of food assistance,IRBID,Girls,WFP,Camp    - ,Direct appeal,None - Fund direct from Donors,Yes,1,1707,95,# of benef.,Cyber City Refugee Center,North,Camp
1434,FOOD/LIVELIHOOD,01/01/2015,Access to Food,[REF1.1]Food Assistance,# of Syrian refugees receiving food vouchers or other forms of food assistance,Camps Syrian Women (Age 18 and above) # of Syrian refugees receiving food vouchers or other forms of food assistance,IRBID,Women,WFP,Camp    - ,Direct appeal,None - Fund direct from Donors,Yes,1,1707,170,# of benef.,King Abdullah Park Refugee Center,North,Camp
1440,FOOD/LIVELIHOOD,01/01/2015,Access to Food,[REF1.1]Food Assistance,# of Syrian refugees receiving food vouchers or other forms of food assistance,Camps Syrian Women (Age 18 and above) # of Syrian refugees receiving food vouchers or other forms of food assistance,IRBID,Women,WFP,Camp    - ,Direct appeal,None - Fund direct from Donors,Yes,1,1707,82,# of benef.,Cyber City Refugee Center,North,Camp
1497,FOOD/LIVELIHOOD,01/01/2015,Access to Food,[REF1.1]Food Assistance,# of newly arriving Syrian refugees receiving welcome meals and / or welcome vouchers,Camps Syrian Girls (Age 0-17) # of newly arriving Syrian refugees receiving welcome meals and / or welcome vouchers,IRBID,Girls,WFP,Camp    - ,Direct appeal,None - Fund direct from Donors,Yes,1,1707,207,# of benef.,King Abdullah Park Refugee Center,North,Camp
1509,FOOD/LIVELIHOOD,01/02/2015,Access to Food,[REF1.1]Food Assistance,# of Syrian refugees receiving food vouchers or other forms of food assistance,Camps Syrian Men (Age 18 and above) # of Syrian refugees receiving food vouchers or other forms of food assistance,IRBID,Men,WFP,Camp    - ,Direct appeal,None - Fund direct from Donors,Yes,1,1707,169,# of benef.,King Abdullah Park Refugee Center,North,Camp
1520,FOOD/LIVELIHOOD,01/01/2015,Access to Food,[REF1.1]Food Assistance,# of Syrian refugees receiving food vouchers or other forms of food assistance,Camps Syrian Girls (Age 0-17) # of Syrian refugees receiving food vouchers or other forms of food assistance,IRBID,Girls,WFP,Camp    - ,Direct appeal,None - Fund direct from Donors,Yes,1,1707,201,# of benef.,King Abdullah Park Refugee Center,North,Camp
1521,FOOD/LIVELIHOOD,01/01/2015,Access to Food,[REF1.1]Food Assistance,# of newly arriving Syrian refugees receiving welcome meals and / or welcome vouchers,Camps Syrian Women (Age 18 and above) # of newly arriving Syrian refugees receiving welcome meals and / or welcome vouchers,IRBID,Women,WFP,Camp    - ,Direct appeal,None - Fund direct from Donors,Yes,1,1707,175,# of benef.,King Abdullah Park Refugee Center,North,Camp
1606,FOOD/LIVELIHOOD,01/02/2015,Access to Food,[REF1.1]Food Assistance,# of Syrian refugees receiving food vouchers or other forms of food assistance,Camps Syrian Girls (Age 0-17) # of Syrian refugees receiving food vouchers or other forms of food assistance,IRBID,Girls,WFP,Camp    - ,Direct appeal,None - Fund direct from Donors,Yes,1,1707,194,# of benef.,King Abdullah Park Refugee Center,North,Camp
1729,FOOD/LIVELIHOOD,01/01/2015,Access to Food,[REF1.1]Food Assistance,# of newly arriving Syrian refugees receiving welcome meals and / or welcome vouchers,Camps Syrian Boys (Age 0-17) # of newly arriving Syrian refugees receiving welcome meals and / or welcome vouchers,IRBID,Boys,WFP,Camp    - ,Direct appeal,None - Fund direct from Donors,Yes,1,1707,383,# of benef,King Abdullah Park Refugee Center,North,Camp
1849,FOOD/LIVELIHOOD,01/01/2015,Access to Food,[REF1.1]Food Assistance,# of Syrian refugees receiving food vouchers or other forms of food assistance,Camps Syrian Boys (Age 0-17) # of Syrian refugees receiving food vouchers or other forms of food assistance,IRBID,Boys,WFP,Camp    - ,Direct appeal,None - Fund direct from Donors,Yes,1,1707,371,# of benef,King Abdullah Park Refugee Center,North,Camp
1966,FOOD/LIVELIHOOD,01/02/2015,Access to Food,[REF1.1]Food Assistance,# of Syrian refugees receiving food vouchers or other forms of food assistance,Camps Syrian Men (Age 18 and above) # of Syrian refugees receiving food vouchers or other forms of food assistance,IRBID,Men,WFP,Camp    - ,Direct appeal,None - Fund direct from Donors,Yes,1,1707,82,# of benef.,Cyber City Refugee Center,North,Camp
1967,FOOD/LIVELIHOOD,01/01/2015,Access to Food,[REF1.1]Food Assistance,# of newly arriving Syrian refugees receiving welcome meals and / or welcome vouchers,Camps Syrian Girls (Age 0-17) # of newly arriving Syrian refugees receiving welcome meals and / or welcome vouchers,IRBID,Girls,WFP,Camp    - ,Direct appeal,None - Fund direct from Donors,Yes,1,1707,100,# of benef.,Cyber City Refugee Center,North,Camp
1971,FOOD/LIVELIHOOD,01/02/2015,Access to Food,[REF1.1]Food Assistance,# of Syrian refugees receiving food vouchers or other forms of food assistance,Camps Syrian Boys (Age 0-17) # of Syrian refugees receiving food vouchers or other forms of food assistance,IRBID,Boys,WFP,Camp    - ,Direct appeal,None - Fund direct from Donors,Yes,1,1707,101,# of benef,Cyber City Refugee Center,North,Camp
1972,FOOD/LIVELIHOOD,01/01/2015,Access to Food,[REF1.1]Food Assistance,# of newly arriving Syrian refugees receiving welcome meals and / or welcome vouchers,Camps Syrian Women (Age 18 and above) # of newly arriving Syrian refugees receiving welcome meals and / or welcome vouchers,IRBID,Women,WFP,Camp    - ,Direct appeal,None - Fund direct from Donors,Yes,1,1707,85,# of benef.,Cyber City Refugee Center,North,Camp
1973,FOOD/LIVELIHOOD,01/01/2015,Access to Food,[REF1.1]Food Assistance,# of Syrian refugees receiving food vouchers or other forms of food assistance,Camps Syrian Boys (Age 0-17) # of Syrian refugees receiving food vouchers or other forms of food assistance,IRBID,Boys,WFP,Camp    - ,Direct appeal,None - Fund direct from Donors,Yes,1,1707,180,# of benef,Cyber City Refugee Center,North,Camp
1974,FOOD/LIVELIHOOD,01/01/2015,Access to Food,[REF1.1]Food Assistance,# of newly arriving Syrian refugees receiving welcome meals and / or welcome vouchers,Camps Syrian Men (Age 18 and above) # of newly arriving Syrian refugees receiving welcome meals and / or welcome vouchers,IRBID,Men,WFP,Camp    - ,Direct appeal,None - Fund direct from Donors,Yes,1,1707,79,# of benef.,Cyber City Refugee Center,North,Camp
2332,FOOD/LIVELIHOOD,01/01/2015,Access to Food,[REF1.1]Food Assistance,# of newly arriving Syrian refugees receiving welcome meals and / or welcome vouchers,Camps Syrian Boys (Age 0-17) # of newly arriving Syrian refugees receiving welcome meals and / or welcome vouchers,IRBID,Boys,WFP,Camp    - ,Direct appeal,None - Fund direct from Donors,Yes,1,1707,186,# of benef,Cyber City Refugee Center,North,Camp
2333,FOOD/LIVELIHOOD,01/01/2015,Access to Food,[REF1.1]Food Assistance,# of Syrian refugees receiving food vouchers or other forms of food assistance,Camps Syrian Girls (Age 0-17) # of Syrian refugees receiving food vouchers or other forms of food assistance,IRBID,Girls,WFP,Camp    - ,Direct appeal,None - Fund direct from Donors,Yes,1,1707,98,# of benef.,Cyber City Refugee Center,North,Camp
2339,FOOD/LIVELIHOOD,01/02/2015,Access to Food,[REF1.1]Food Assistance,# of Syrian refugees receiving food vouchers or other forms of food assistance,Camps Syrian Women (Age 18 and above) # of Syrian refugees receiving food vouchers or other forms of food assistance,IRBID,Women,WFP,Camp    - ,Direct appeal,None - Fund direct from Donors,Yes,1,1707,95,# of benef.,Cyber City Refugee Center,North,Camp
2393,FOOD/LIVELIHOOD,01/01/2015,Access to Food,[REF1.1]Food Assistance,# of Syrian refugees receiving food vouchers or other forms of food assistance,Urban/Rural Syrian Boys (Age 0-17) # of Syrian refugees receiving food vouchers or other forms of food assistance,IRBID,Boys,WFP,   Urban areas - ,Direct appeal,None - Fund direct from Donors,Yes,1,1707,32246,# of benef,Irbid Governorate,North,Urban
2433,FOOD/LIVELIHOOD,01/01/2015,Access to Food,[REF1.1]Food Assistance,# of Syrian refugees receiving food vouchers or other forms of food assistance,Urban/Rural Syrian Girls (Age 0-17) # of Syrian refugees receiving food vouchers or other forms of food assistance,IRBID,Girls,WFP,   Urban areas - ,Direct appeal,None - Fund direct from Donors,Yes,1,1707,30335,# of benef.,Irbid Governorate,North,Urban
2503,FOOD/LIVELIHOOD,01/02/2015,Access to Food,[REF1.1]Food Assistance,# of Syrian refugees receiving food vouchers or other forms of food assistance,Urban/Rural Syrian Men (Age 18 and above) # of Syrian refugees receiving food vouchers or other forms of food assistance,IRBID,Men,WFP,   Urban areas - ,Direct appeal,None - Fund direct from Donors,Yes,1,1707,26752,# of benef.,Irbid Governorate,North,Urban
2587,FOOD/LIVELIHOOD,01/01/2015,Access to Food,[REF1.1]Food Assistance,# of Syrian refugees receiving food vouchers or other forms of food assistance,Urban/Rural Syrian Women (Age 18 and above) # of Syrian refugees receiving food vouchers or other forms of food assistance,IRBID,Women,WFP,   Urban areas - ,Direct appeal,None - Fund direct from Donors,Yes,1,1707,30455,# of benef.,Irbid Governorate,North,Urban
2614,FOOD/LIVELIHOOD,01/02/2015,Access to Food,[REF1.1]Food Assistance,# of Syrian refugees receiving food vouchers or other forms of food assistance,Urban/Rural Syrian Girls (Age 0-17) # of Syrian refugees receiving food vouchers or other forms of food assistance,IRBID,Girls,WFP,   Urban areas - ,Direct appeal,None - Fund direct from Donors,Yes,1,1707,30746,# of benef.,Irbid Governorate,North,Urban
2639,FOOD/LIVELIHOOD,01/02/2015,Access to Food,[REF1.1]Food Assistance,# of Syrian refugees receiving food vouchers or other forms of food assistance,Urban/Rural Syrian Boys (Age 0-17) # of Syrian refugees receiving food vouchers or other forms of food assistance,IRBID,Boys,WFP,   Urban areas - ,Direct appeal,None - Fund direct from Donors,Yes,1,1707,32683,# of benef,Irbid Governorate,North,Urban
2640,FOOD/LIVELIHOOD,01/02/2015,Access to Food,[REF1.1]Food Assistance,# of Syrian refugees receiving food vouchers or other forms of food assistance,Urban/Rural Syrian Women (Age 18 and above) # of Syrian refugees receiving food vouchers or other forms of food assistance,IRBID,Women,WFP,   Urban areas - ,Direct appeal,None - Fund direct from Donors,Yes,1,1707,30867,# of benef.,Irbid Governorate,North,Urban
2679,FOOD/LIVELIHOOD,01/01/2015,Access to Food,[REF1.1]Food Assistance,# of Syrian refugees receiving food vouchers or other forms of food assistance,Urban/Rural Syrian Men (Age 18 and above) # of Syrian refugees receiving food vouchers or other forms of food assistance,IRBID,Men,WFP,   Urban areas - ,Direct appeal,None - Fund direct from Donors,Yes,1,1707,26394,# of benef.,Irbid Governorate,North,Urban
2772,FOOD/LIVELIHOOD,01/01/2015,Access to Food,[REF1.1]Food Assistance,# of Syrian refugees receiving food vouchers or other forms of food assistance,Urban/Rural Syrian Men (Age 18 and above) # of Syrian refugees receiving food vouchers or other forms of food assistance,JARASH,Men,WFP,   Urban areas - ,Direct appeal,None - Fund direct from Donors,Yes,1,1708,2134,# of benef.,Jarash Governorate,North,Urban
2852,FOOD/LIVELIHOOD,01/01/2015,Access to Food,[REF1.1]Food Assistance,# of Syrian refugees receiving food vouchers or other forms of food assistance,Urban/Rural Syrian Women (Age 18 and above) # of Syrian refugees receiving food vouchers or other forms of food assistance,JARASH,Women,WFP,   Urban areas - ,Direct appeal,None - Fund direct from Donors,Yes,1,1708,2462,# of benef.,Jarash Governorate,North,Urban
2854,FOOD/LIVELIHOOD,01/01/2015,Access to Food,[REF1.1]Food Assistance,# of Syrian refugees receiving food vouchers or other forms of food assistance,Urban/Rural Syrian Boys (Age 0-17) # of Syrian refugees receiving food vouchers or other forms of food assistance,JARASH,Boys,WFP,   Urban areas - ,Direct appeal,None - Fund direct from Donors,Yes,1,1708,2607,# of benef,Jarash Governorate,North,Urban
2857,FOOD/LIVELIHOOD,01/01/2015,Access to Food,[REF1.1]Food Assistance,# of Syrian refugees receiving food vouchers or other forms of food assistance,Urban/Rural Syrian Girls (Age 0-17) # of Syrian refugees receiving food vouchers or other forms of food assistance,JARASH,Girls,WFP,   Urban areas - ,Direct appeal,None - Fund direct from Donors,Yes,1,1708,2452,# of benef.,Jarash Governorate,North,Urban
2967,FOOD/LIVELIHOOD,01/02/2015,Access to Food,[REF1.1]Food Assistance,# of Syrian refugees receiving food vouchers or other forms of food assistance,Urban/Rural Syrian Girls (Age 0-17) # of Syrian refugees receiving food vouchers or other forms of food assistance,KARAK,Girls,WFP,   Urban areas - ,Direct appeal,None - Fund direct from Donors,Yes,3,1704,2134,# of benef.,Karak Governorate,South,Urban
2989,FOOD/LIVELIHOOD,01/01/2015,Access to Food,[REF1.1]Food Assistance,# of Syrian refugees receiving food vouchers or other forms of food assistance,Urban/Rural Syrian Women (Age 18 and above) # of Syrian refugees receiving food vouchers or other forms of food assistance,KARAK,Women,WFP,   Urban areas - ,Direct appeal,None - Fund direct from Donors,Yes,3,1704,2115,# of benef.,Karak Governorate,South,Urban
3007,FOOD/LIVELIHOOD,01/02/2015,Access to Food,[REF1.1]Food Assistance,# of Syrian refugees receiving food vouchers or other forms of food assistance,Urban/Rural Syrian Women (Age 18 and above) # of Syrian refugees receiving food vouchers or other forms of food assistance,KARAK,Women,WFP,   Urban areas - ,Direct appeal,None - Fund direct from Donors,Yes,3,1704,2143,# of benef.,Karak Governorate,South,Urban
3008,FOOD/LIVELIHOOD,01/01/2015,Access to Food,[REF1.1]Food Assistance,# of Syrian refugees receiving food vouchers or other forms of food assistance,Urban/Rural Syrian Men (Age 18 and above) # of Syrian refugees receiving food vouchers or other forms of food assistance,KARAK,Men,WFP,   Urban areas - ,Direct appeal,None - Fund direct from Donors,Yes,3,1704,1833,# of benef.,Karak Governorate,South,Urban
3015,FOOD/LIVELIHOOD,01/02/2015,Access to Food,[REF1.1]Food Assistance,# of Syrian refugees receiving food vouchers or other forms of food assistance,Urban/Rural Syrian Men (Age 18 and above) # of Syrian refugees receiving food vouchers or other forms of food assistance,KARAK,Men,WFP,   Urban areas - ,Direct appeal,None - Fund direct from Donors,Yes,3,1704,1857,# of benef.,Karak Governorate,South,Urban
3022,FOOD/LIVELIHOOD,01/02/2015,Access to Food,[REF1.1]Food Assistance,# of Syrian refugees receiving food vouchers or other forms of food assistance,Urban/Rural Syrian Boys (Age 0-17) # of Syrian refugees receiving food vouchers or other forms of food assistance,KARAK,Boys,WFP,   Urban areas - ,Direct appeal,None - Fund direct from Donors,Yes,3,1704,2269,# of benef,Karak Governorate,South,Urban
3035,FOOD/LIVELIHOOD,01/01/2015,Access to Food,[REF1.1]Food Assistance,# of Syrian refugees receiving food vouchers or other forms of food assistance,Urban/Rural Syrian Boys (Age 0-17) # of Syrian refugees receiving food vouchers or other forms of food assistance,KARAK,Boys,WFP,   Urban areas - ,Direct appeal,None - Fund direct from Donors,Yes,3,1704,2240,# of benef,Karak Governorate,South,Urban
3053,FOOD/LIVELIHOOD,01/01/2015,Access to Food,[REF1.1]Food Assistance,# of Syrian refugees receiving food vouchers or other forms of food assistance,Urban/Rural Syrian Girls (Age 0-17) # of Syrian refugees receiving food vouchers or other forms of food assistance,KARAK,Girls,WFP,   Urban areas - ,Direct appeal,None - Fund direct from Donors,Yes,3,1704,2107,# of benef.,Karak Governorate,South,Urban
3209,FOOD/LIVELIHOOD,01/02/2015,Access to Food,[REF1.1]Food Assistance,# of Syrian refugees receiving food vouchers or other forms of food assistance,Urban/Rural Syrian Men (Age 18 and above) # of Syrian refugees receiving food vouchers or other forms of food assistance,MAAN,Men,WFP,   Urban areas - ,Direct appeal,None - Fund direct from Donors,Yes,3,1709,1464,# of benef.,Maan Governorate,South,Urban
3220,FOOD/LIVELIHOOD,01/01/2015,Access to Food,[REF1.1]Food Assistance,# of Syrian refugees receiving food vouchers or other forms of food assistance,Urban/Rural Syrian Boys (Age 0-17) # of Syrian refugees receiving food vouchers or other forms of food assistance,MAAN,Boys,WFP,   Urban areas - ,Direct appeal,None - Fund direct from Donors,Yes,3,1709,1785,# of benef,Maan Governorate,South,Urban
3229,FOOD/LIVELIHOOD,01/01/2015,Access to Food,[REF1.1]Food Assistance,# of Syrian refugees receiving food vouchers or other forms of food assistance,Urban/Rural Syrian Women (Age 18 and above) # of Syrian refugees receiving food vouchers or other forms of food assistance,MAAN,Women,WFP,   Urban areas - ,Direct appeal,None - Fund direct from Donors,Yes,3,1709,1686,# of benef.,Maan Governorate,South,Urban
3230,FOOD/LIVELIHOOD,01/01/2015,Access to Food,[REF1.1]Food Assistance,# of Syrian refugees receiving food vouchers or other forms of food assistance,Urban/Rural Syrian Men (Age 18 and above) # of Syrian refugees receiving food vouchers or other forms of food assistance,MAAN,Men,WFP,   Urban areas - ,Direct appeal,None - Fund direct from Donors,Yes,3,1709,1461,# of benef.,Maan Governorate,South,Urban
3235,FOOD/LIVELIHOOD,01/01/2015,Access to Food,[REF1.1]Food Assistance,# of Syrian refugees receiving food vouchers or other forms of food assistance,Urban/Rural Syrian Girls (Age 0-17) # of Syrian refugees receiving food vouchers or other forms of food assistance,MAAN,Girls,WFP,   Urban areas - ,Direct appeal,None - Fund direct from Donors,Yes,3,1709,1679,# of benef.,Maan Governorate,South,Urban
3273,FOOD/LIVELIHOOD,01/02/2015,Access to Food,[REF1.1]Food Assistance,# of Syrian refugees receiving food vouchers or other forms of food assistance,Urban/Rural Syrian Girls (Age 0-17) # of Syrian refugees receiving food vouchers or other forms of food assistance,MAAN,Girls,WFP,   Urban areas - ,Direct appeal,None - Fund direct from Donors,Yes,3,1709,1683,# of benef.,Maan Governorate,South,Urban
3322,FOOD/LIVELIHOOD,01/02/2015,Access to Food,[REF1.1]Food Assistance,# of Syrian refugees receiving food vouchers or other forms of food assistance,Urban/Rural Syrian Women (Age 18 and above) # of Syrian refugees receiving food vouchers or other forms of food assistance,MAAN,Women,WFP,   Urban areas - ,Direct appeal,None - Fund direct from Donors,Yes,3,1709,1689,# of benef.,Maan Governorate,South,Urban
3339,FOOD/LIVELIHOOD,01/02/2015,Access to Food,[REF1.1]Food Assistance,# of Syrian refugees receiving food vouchers or other forms of food assistance,Urban/Rural Syrian Boys (Age 0-17) # of Syrian refugees receiving food vouchers or other forms of food assistance,MAAN,Boys,WFP,   Urban areas - ,Direct appeal,None - Fund direct from Donors,Yes,3,1709,1789,# of benef,Maan Governorate,South,Urban
3411,FOOD/LIVELIHOOD,01/01/2015,Access to Food,[REF1.1]Food Assistance,# of Syrian refugees receiving food vouchers or other forms of food assistance,Urban/Rural Syrian Women (Age 18 and above) # of Syrian refugees receiving food vouchers or other forms of food assistance,MADABA,Women,WFP,   Urban areas - ,Direct appeal,None - Fund direct from Donors,Yes,2,1710,2607,# of benef.,Madaba Governorate,Center,Urban
3420,FOOD/LIVELIHOOD,01/01/2015,Access to Food,[REF1.1]Food Assistance,# of Syrian refugees receiving food vouchers or other forms of food assistance,Urban/Rural Syrian Girls (Age 0-17) # of Syrian refugees receiving food vouchers or other forms of food assistance,MADABA,Girls,WFP,   Urban areas - ,Direct appeal,None - Fund direct from Donors,Yes,2,1710,2597,# of benef.,Madaba Governorate,Center,Urban
3449,FOOD/LIVELIHOOD,01/01/2015,Access to Food,[REF1.1]Food Assistance,# of Syrian refugees receiving food vouchers or other forms of food assistance,Urban/Rural Syrian Men (Age 18 and above) # of Syrian refugees receiving food vouchers or other forms of food assistance,MADABA,Men,WFP,   Urban areas - ,Direct appeal,None - Fund direct from Donors,Yes,2,1710,2260,# of benef.,Madaba Governorate,Center,Urban
3452,FOOD/LIVELIHOOD,01/02/2015,Access to Food,[REF1.1]Food Assistance,# of Syrian refugees receiving food vouchers or other forms of food assistance,Urban/Rural Syrian Men (Age 18 and above) # of Syrian refugees receiving food vouchers or other forms of food assistance,MADABA,Men,WFP,   Urban areas - ,Direct appeal,None - Fund direct from Donors,Yes,2,1710,2277,# of benef.,Madaba Governorate,Center,Urban
3466,FOOD/LIVELIHOOD,01/02/2015,Access to Food,[REF1.1]Food Assistance,# of Syrian refugees receiving food vouchers or other forms of food assistance,Urban/Rural Syrian Boys (Age 0-17) # of Syrian refugees receiving food vouchers or other forms of food assistance,MADABA,Boys,WFP,   Urban areas - ,Direct appeal,None - Fund direct from Donors,Yes,2,1710,2782,# of benef,Madaba Governorate,Center,Urban
3484,FOOD/LIVELIHOOD,01/02/2015,Access to Food,[REF1.1]Food Assistance,# of Syrian refugees receiving food vouchers or other forms of food assistance,Urban/Rural Syrian Girls (Age 0-17) # of Syrian refugees receiving food vouchers or other forms of food assistance,MADABA,Girls,WFP,   Urban areas - ,Direct appeal,None - Fund direct from Donors,Yes,2,1710,2617,# of benef.,Madaba Governorate,Center,Urban
3485,FOOD/LIVELIHOOD,01/01/2015,Access to Food,[REF1.1]Food Assistance,# of Syrian refugees receiving food vouchers or other forms of food assistance,Urban/Rural Syrian Boys (Age 0-17) # of Syrian refugees receiving food vouchers or other forms of food assistance,MADABA,Boys,WFP,   Urban areas - ,Direct appeal,None - Fund direct from Donors,Yes,2,1710,2761,# of benef,Madaba Governorate,Center,Urban
3486,FOOD/LIVELIHOOD,01/02/2015,Access to Food,[REF1.1]Food Assistance,# of Syrian refugees receiving food vouchers or other forms of food assistance,Urban/Rural Syrian Women (Age 18 and above) # of Syrian refugees receiving food vouchers or other forms of food assistance,MADABA,Women,WFP,   Urban areas - ,Direct appeal,None - Fund direct from Donors,Yes,2,1710,2627,# of benef.,Madaba Governorate,Center,Urban
3723,FOOD/LIVELIHOOD,01/02/2015,Access to Food,[REF1.1]Food Assistance,# of Syrian refugees receiving food vouchers or other forms of food assistance,Urban/Rural Syrian Girls (Age 0-17) # of Syrian refugees receiving food vouchers or other forms of food assistance,MAFRAQ,Girls,WFP,   Urban areas - ,Direct appeal,None - Fund direct from Donors,Yes,1,1711,17487,# of benef.,Mafraq Governorate,North,Urban
3732,FOOD/LIVELIHOOD,01/01/2015,Access to Food,[REF1.1]Food Assistance,# of Syrian refugees receiving food vouchers or other forms of food assistance,Camps Syrian Girls (Age 0-17) # of Syrian refugees receiving food vouchers or other forms of food assistance,ZaatariCamp,Girls,WFP,Camp    - ,Direct appeal,None - Fund direct from Donors,Yes,5,2,20426,# of benef.,Zaatari Camp (all district),North,Camp
3771,FOOD/LIVELIHOOD,01/01/2015,Access to Food,[REF1.1]Food Assistance,# of newly arriving Syrian refugees receiving welcome meals and / or welcome vouchers,Camps Syrian Women (Age 18 and above) # of newly arriving Syrian refugees receiving welcome meals and / or welcome vouchers,ZaatariCamp,Women,WFP,Camp    - ,Direct appeal,None - Fund direct from Donors,Yes,5,2,18416,# of benef.,Zaatari Camp (all district),North,Camp
3974,FOOD/LIVELIHOOD,01/02/2015,Access to Food,[REF1.1]Food Assistance,# of Syrian refugees receiving food vouchers or other forms of food assistance,Camps Syrian Men (Age 18 and above) # of Syrian refugees receiving food vouchers or other forms of food assistance,ZaatariCamp,Men,WFP,Camp    - ,Direct appeal,None - Fund direct from Donors,Yes,5,2,17709,# of benef.,Zaatari Camp (all district),North,Camp
3977,FOOD/LIVELIHOOD,01/02/2015,Access to Food,[REF1.1]Food Assistance,# of Syrian refugees receiving food vouchers or other forms of food assistance,Camps Syrian Women (Age 18 and above) # of Syrian refugees receiving food vouchers or other forms of food assistance,ZaatariCamp,Women,WFP,Camp    - ,Direct appeal,None - Fund direct from Donors,Yes,5,2,20433,# of benef.,Zaatari Camp (all district),North,Camp
3978,FOOD/LIVELIHOOD,01/01/2015,Access to Food,[REF1.1]Food Assistance,# of newly arriving Syrian refugees receiving welcome meals and / or welcome vouchers,Camps Syrian Girls (Age 0-17) # of newly arriving Syrian refugees receiving welcome meals and / or welcome vouchers,ZaatariCamp,Girls,WFP,Camp    - ,Direct appeal,None - Fund direct from Donors,Yes,5,2,21793,# of benef.,Zaatari Camp (all district),North,Camp
4006,FOOD/LIVELIHOOD,01/02/2015,Access to Food,[REF1.1]Food Assistance,# of Syrian refugees receiving food vouchers or other forms of food assistance,Urban/Rural Syrian Men (Age 18 and above) # of Syrian refugees receiving food vouchers or other forms of food assistance,MAFRAQ,Men,WFP,   Urban areas - ,Direct appeal,None - Fund direct from Donors,Yes,1,1711,15215,# of benef.,Mafraq Governorate,North,Urban
4010,FOOD/LIVELIHOOD,01/01/2015,Access to Food,[REF1.1]Food Assistance,# of Syrian refugees receiving food vouchers or other forms of food assistance,Urban/Rural Syrian Boys (Age 0-17) # of Syrian refugees receiving food vouchers or other forms of food assistance,MAFRAQ,Boys,WFP,   Urban areas - ,Direct appeal,None - Fund direct from Donors,Yes,1,1711,18500,# of benef,Mafraq Governorate,North,Urban
4051,FOOD/LIVELIHOOD,01/01/2015,Access to Food,[REF1.1]Food Assistance,# of Syrian refugees receiving food vouchers or other forms of food assistance,Urban/Rural Syrian Men (Age 18 and above) # of Syrian refugees receiving food vouchers or other forms of food assistance,MAFRAQ,Men,WFP,   Urban areas - ,Direct appeal,None - Fund direct from Donors,Yes,1,1711,15143,# of benef.,Mafraq Governorate,North,Urban
4052,FOOD/LIVELIHOOD,01/02/2015,Access to Food,[REF1.1]Food Assistance,# of Syrian refugees receiving food vouchers or other forms of food assistance,Urban/Rural Syrian Boys (Age 0-17) # of Syrian refugees receiving food vouchers or other forms of food assistance,MAFRAQ,Boys,WFP,   Urban areas - ,Direct appeal,None - Fund direct from Donors,Yes,1,1711,18588,# of benef,Mafraq Governorate,North,Urban
4215,FOOD/LIVELIHOOD,01/01/2015,Access to Food,[REF1.1]Food Assistance,# of Syrian refugees receiving food vouchers or other forms of food assistance,Camps Syrian Boys (Age 0-17) # of Syrian refugees receiving food vouchers or other forms of food assistance,ZaatariCamp,Boys,WFP,Camp    - ,Direct appeal,None - Fund direct from Donors,Yes,5,2,21713,# of benef,Zaatari Camp (all district),North,Camp
4224,FOOD/LIVELIHOOD,01/01/2015,Access to Food,[REF1.1]Food Assistance,# of newly arriving Syrian refugees receiving welcome meals and / or welcome vouchers,Camps Syrian Boys (Age 0-17) # of newly arriving Syrian refugees receiving welcome meals and / or welcome vouchers,ZaatariCamp,Boys,WFP,Camp    - ,Direct appeal,None - Fund direct from Donors,Yes,5,2,40289,# of benef,Zaatari Camp (all district),North,Camp
4225,FOOD/LIVELIHOOD,01/02/2015,Access to Food,[REF1.1]Food Assistance,# of Syrian refugees receiving food vouchers or other forms of food assistance,Camps Syrian Boys (Age 0-17) # of Syrian refugees receiving food vouchers or other forms of food assistance,ZaatariCamp,Boys,WFP,Camp    - ,Direct appeal,None - Fund direct from Donors,Yes,5,2,21635,# of benef,Zaatari Camp (all district),North,Camp
4226,FOOD/LIVELIHOOD,01/01/2015,Access to Food,[REF1.1]Food Assistance,# of Syrian refugees receiving food vouchers or other forms of food assistance,Camps Syrian Men (Age 18 and above) # of Syrian refugees receiving food vouchers or other forms of food assistance,ZaatariCamp,Men,WFP,Camp    - ,Direct appeal,None - Fund direct from Donors,Yes,5,2,17772,# of benef.,Zaatari Camp (all district),North,Camp
4249,FOOD/LIVELIHOOD,01/02/2015,Access to Food,[REF1.1]Food Assistance,# of Syrian refugees receiving food vouchers or other forms of food assistance,Urban/Rural Syrian Women (Age 18 and above) # of Syrian refugees receiving food vouchers or other forms of food assistance,MAFRAQ,Women,WFP,   Urban areas - ,Direct appeal,None - Fund direct from Donors,Yes,1,1711,17487,# of benef.,Mafraq Governorate,North,Urban
4292,FOOD/LIVELIHOOD,01/01/2015,Access to Food,[REF1.1]Food Assistance,# of Syrian refugees receiving food vouchers or other forms of food assistance,Urban/Rural Syrian Women (Age 18 and above) # of Syrian refugees receiving food vouchers or other forms of food assistance,MAFRAQ,Women,WFP,   Urban areas - ,Direct appeal,None - Fund direct from Donors,Yes,1,1711,17472,# of benef.,Mafraq Governorate,North,Urban
4333,FOOD/LIVELIHOOD,01/01/2015,Access to Food,[REF1.1]Food Assistance,# of Syrian refugees receiving food vouchers or other forms of food assistance,Urban/Rural Syrian Girls (Age 0-17) # of Syrian refugees receiving food vouchers or other forms of food assistance,MAFRAQ,Girls,WFP,   Urban areas - ,Direct appeal,None - Fund direct from Donors,Yes,1,1711,17404,# of benef.,Mafraq Governorate,North,Urban
4335,FOOD/LIVELIHOOD,01/01/2015,Access to Food,[REF1.1]Food Assistance,# of Syrian refugees receiving food vouchers or other forms of food assistance,Camps Syrian Women (Age 18 and above) # of Syrian refugees receiving food vouchers or other forms of food assistance,ZaatariCamp,Women,WFP,Camp    - ,Direct appeal,None - Fund direct from Donors,Yes,5,2,20507,# of benef.,Zaatari Camp (all district),North,Camp
4377,FOOD/LIVELIHOOD,01/01/2015,Access to Food,[REF1.1]Food Assistance,# of newly arriving Syrian refugees receiving welcome meals and / or welcome vouchers,Camps Syrian Men (Age 18 and above) # of newly arriving Syrian refugees receiving welcome meals and / or welcome vouchers,ZaatariCamp,Men,WFP,Camp    - ,Direct appeal,None - Fund direct from Donors,Yes,5,2,17209,# of benef.,Zaatari Camp (all district),North,Camp
4453,FOOD/LIVELIHOOD,01/02/2015,Access to Food,[REF1.1]Food Assistance,# of Syrian refugees receiving food vouchers or other forms of food assistance,Camps Syrian Girls (Age 0-17) # of Syrian refugees receiving food vouchers or other forms of food assistance,ZaatariCamp,Girls,WFP,Camp    - ,Direct appeal,None - Fund direct from Donors,Yes,5,2,20353,# of benef.,Zaatari Camp (all district),North,Camp
4714,FOOD/LIVELIHOOD,01/02/2015,Access to Food,[REF1.1]Food Assistance,# of Syrian refugees receiving food vouchers or other forms of food assistance,Urban/Rural Syrian Girls (Age 0-17) # of Syrian refugees receiving food vouchers or other forms of food assistance,TAFILAH,Girls,WFP,   Urban areas - ,Direct appeal,None - Fund direct from Donors,Yes,3,1706,508,# of benef.,Tafileh Governorate,South,Urban
4715,FOOD/LIVELIHOOD,01/01/2015,Access to Food,[REF1.1]Food Assistance,# of Syrian refugees receiving food vouchers or other forms of food assistance,Urban/Rural Syrian Women (Age 18 and above) # of Syrian refugees receiving food vouchers or other forms of food assistance,TAFILAH,Women,WFP,   Urban areas - ,Direct appeal,None - Fund direct from Donors,Yes,3,1706,506,# of benef.,Tafileh Governorate,South,Urban
4716,FOOD/LIVELIHOOD,01/01/2015,Access to Food,[REF1.1]Food Assistance,# of Syrian refugees receiving food vouchers or other forms of food assistance,Urban/Rural Syrian Girls (Age 0-17) # of Syrian refugees receiving food vouchers or other forms of food assistance,TAFILAH,Girls,WFP,   Urban areas - ,Direct appeal,None - Fund direct from Donors,Yes,3,1706,504,# of benef.,Tafileh Governorate,South,Urban
4717,FOOD/LIVELIHOOD,01/02/2015,Access to Food,[REF1.1]Food Assistance,# of Syrian refugees receiving food vouchers or other forms of food assistance,Urban/Rural Syrian Men (Age 18 and above) # of Syrian refugees receiving food vouchers or other forms of food assistance,TAFILAH,Men,WFP,   Urban areas - ,Direct appeal,None - Fund direct from Donors,Yes,3,1706,442,# of benef.,Tafileh Governorate,South,Urban
4718,FOOD/LIVELIHOOD,01/02/2015,Access to Food,[REF1.1]Food Assistance,# of Syrian refugees receiving food vouchers or other forms of food assistance,Urban/Rural Syrian Boys (Age 0-17) # of Syrian refugees receiving food vouchers or other forms of food assistance,TAFILAH,Boys,WFP,   Urban areas - ,Direct appeal,None - Fund direct from Donors,Yes,3,1706,540,# of benef,Tafileh Governorate,South,Urban
4719,FOOD/LIVELIHOOD,01/01/2015,Access to Food,[REF1.1]Food Assistance,# of Syrian refugees receiving food vouchers or other forms of food assistance,Urban/Rural Syrian Men (Age 18 and above) # of Syrian refugees receiving food vouchers or other forms of food assistance,TAFILAH,Men,WFP,   Urban areas - ,Direct appeal,None - Fund direct from Donors,Yes,3,1706,439,# of benef.,Tafileh Governorate,South,Urban
4720,FOOD/LIVELIHOOD,01/02/2015,Access to Food,[REF1.1]Food Assistance,# of Syrian refugees receiving food vouchers or other forms of food assistance,Urban/Rural Syrian Women (Age 18 and above) # of Syrian refugees receiving food vouchers or other forms of food assistance,TAFILAH,Women,WFP,   Urban areas - ,Direct appeal,None - Fund direct from Donors,Yes,3,1706,510,# of benef.,Tafileh Governorate,South,Urban
4721,FOOD/LIVELIHOOD,01/01/2015,Access to Food,[REF1.1]Food Assistance,# of Syrian refugees receiving food vouchers or other forms of food assistance,Urban/Rural Syrian Boys (Age 0-17) # of Syrian refugees receiving food vouchers or other forms of food assistance,TAFILAH,Boys,WFP,   Urban areas - ,Direct appeal,None - Fund direct from Donors,Yes,3,1706,536,# of benef,Tafileh Governorate,South,Urban
4768,FOOD/LIVELIHOOD,01/01/2015,Access to Food,[REF1.1]Food Assistance,# of Syrian refugees receiving food vouchers or other forms of food assistance,Camps Syrian Girls (Age 0-17) # of Syrian refugees receiving food vouchers or other forms of food assistance,AzraqCamp,Girls,WFP,Camp    - ,Direct appeal,None - Fund direct from Donors,Yes,5,2,2593,# of benef.,Azraq Camp,North,Camp
4807,FOOD/LIVELIHOOD,01/01/2015,Access to Food,[RES1.2] Food Assistance to Jordanians,# of beneficiaries receiving assistance and household food consumption improved,Host Community Women (Age 18 and above) # of beneficiaries receiving assistance and household food consumption improved,ZARQA,Women,LWF,   Urban areas - ,Appeal outside of 3RP,None - Fund direct from Donors,No,1,1712,1148,# of benef.,Zarqa Governorate,North,Host Community
4812,FOOD/LIVELIHOOD,01/01/2015,Access to Food,[RES1.2] Food Assistance to Jordanians,# of beneficiaries receiving assistance and household food consumption improved,Host Community Men (Age 18 and above) # of beneficiaries receiving assistance and household food consumption improved,ZARQA,Men,LWF,   Urban areas - ,Appeal outside of 3RP,None - Fund direct from Donors,No,1,1712,952,# of benef.,Zarqa Governorate,North,Host Community
4833,FOOD/LIVELIHOOD,01/01/2015,Access to Food,[REF1.1]Food Assistance,# of Syrian refugees receiving food vouchers or other forms of food assistance,Camps Syrian Boys (Age 0-17) # of Syrian refugees receiving food vouchers or other forms of food assistance,AzraqCamp,Boys,WFP,Camp    - ,Direct appeal,None - Fund direct from Donors,Yes,5,2,2794,# of benef,Azraq Camp,North,Camp
4968,FOOD/LIVELIHOOD,01/02/2015,Access to Food,[RES1.2] Food Assistance to Jordanians,# of beneficiaries receiving assistance and household food consumption improved,Host Community Women (Age 18 and above) # of beneficiaries receiving assistance and household food consumption improved,ZARQA,Women,LWF,   Urban areas - ,Appeal outside of 3RP,None - Fund direct from Donors,No,1,1712,1148,# of benef.,Zarqa Governorate,North,Host Community
4991,FOOD/LIVELIHOOD,01/02/2015,Access to Food,[REF1.1]Food Assistance,# of Syrian refugees receiving food vouchers or other forms of food assistance,Camps Syrian Girls (Age 0-17) # of Syrian refugees receiving food vouchers or other forms of food assistance,AzraqCamp,Girls,WFP,Camp    - ,Direct appeal,None - Fund direct from Donors,Yes,5,2,2757,# of benef.,Azraq Camp,North,Camp
5007,FOOD/LIVELIHOOD,01/02/2015,Access to Food,[RES1.2] Food Assistance to Jordanians,# of beneficiaries receiving assistance and household food consumption improved,Host Community Girls (Age 0-17) # of beneficiaries receiving assistance and household food consumption improved,ZARQA,Girls,LWF,   Urban areas - ,Appeal outside of 3RP,None - Fund direct from Donors,No,1,1712,1139,# of benef.,Zarqa Governorate,North,Host Community
5032,FOOD/LIVELIHOOD,01/01/2015,Access to Food,[REF1.1]Food Assistance,# of newly arriving Syrian refugees receiving welcome meals and / or welcome vouchers,Camps Syrian Women (Age 18 and above) # of newly arriving Syrian refugees receiving welcome meals and / or welcome vouchers,AzraqCamp,Women,WFP,Camp    - ,Direct appeal,None - Fund direct from Donors,Yes,5,2,2259,# of benef.,Azraq Camp,North,Camp
5034,FOOD/LIVELIHOOD,01/01/2015,Access to Food,[REF1.1]Food Assistance,# of Syrian refugees receiving food vouchers or other forms of food assistance,Camps Syrian Men (Age 18 and above) # of Syrian refugees receiving food vouchers or other forms of food assistance,AzraqCamp,Men,WFP,Camp    - ,Direct appeal,None - Fund direct from Donors,Yes,5,2,2047,# of benef.,Azraq Camp,North,Camp
5035,FOOD/LIVELIHOOD,01/02/2015,Access to Food,[REF1.1]Food Assistance,# of Syrian refugees receiving food vouchers or other forms of food assistance,Camps Syrian Women (Age 18 and above) # of Syrian refugees receiving food vouchers or other forms of food assistance,AzraqCamp,Women,WFP,Camp    - ,Direct appeal,None - Fund direct from Donors,Yes,5,2,2768,# of benef.,Azraq Camp,North,Camp
5050,FOOD/LIVELIHOOD,01/01/2015,Access to Food,[RES1.2] Food Assistance to Jordanians,# of beneficiaries receiving assistance and household food consumption improved,Host Community Boys (Age 0-17) # of beneficiaries receiving assistance and household food consumption improved,ZARQA,Boys,LWF,   Urban areas - ,Appeal outside of 3RP,None - Fund direct from Donors,No,1,1712,1189,% of  beneficia,Zarqa Governorate,North,Host Community
5193,FOOD/LIVELIHOOD,01/01/2015,Access to Food,[REF1.1]Food Assistance,# of Syrian refugees receiving food vouchers or other forms of food assistance,Camps Syrian Women (Age 18 and above) # of Syrian refugees receiving food vouchers or other forms of food assistance,AzraqCamp,Women,WFP,Camp    - ,Direct appeal,None - Fund direct from Donors,Yes,5,2,2191,# of benef.,Azraq Camp,North,Camp
5241,FOOD/LIVELIHOOD,01/01/2015,Access to Food,[REF1.1]Food Assistance,# of newly arriving Syrian refugees receiving welcome meals and / or welcome vouchers,Camps Syrian Men (Age 18 and above) # of newly arriving Syrian refugees receiving welcome meals and / or welcome vouchers,AzraqCamp,Men,WFP,Camp    - ,Direct appeal,None - Fund direct from Donors,Yes,5,2,2111,# of benef.,Azraq Camp,North,Camp
5274,FOOD/LIVELIHOOD,01/02/2015,Access to Food,[REF1.1]Food Assistance,# of Syrian refugees receiving food vouchers or other forms of food assistance,Camps Syrian Boys (Age 0-17) # of Syrian refugees receiving food vouchers or other forms of food assistance,AzraqCamp,Boys,WFP,Camp    - ,Direct appeal,None - Fund direct from Donors,Yes,5,2,2931,# of benef,Azraq Camp,North,Camp
5275,FOOD/LIVELIHOOD,01/02/2015,Access to Food,[REF1.1]Food Assistance,# of Syrian refugees receiving food vouchers or other forms of food assistance,Camps Syrian Men (Age 18 and above) # of Syrian refugees receiving food vouchers or other forms of food assistance,AzraqCamp,Men,WFP,Camp    - ,Direct appeal,None - Fund direct from Donors,Yes,5,2,2399,# of benef.,Azraq Camp,North,Camp
5307,FOOD/LIVELIHOOD,01/02/2015,Access to Food,[REF1.1]Food Assistance,# of Syrian refugees receiving food vouchers or other forms of food assistance,Urban/Rural Syrian Girls (Age 0-17) # of Syrian refugees receiving food vouchers or other forms of food assistance,ZARQA,Girls,WFP,   Urban areas - ,Direct appeal,None - Fund direct from Donors,Yes,1,1712,10427,# of benef.,Zarqa Governorate,North,Urban
5316,FOOD/LIVELIHOOD,01/01/2015,Access to Food,[REF1.1]Food Assistance,# of newly arriving Syrian refugees receiving welcome meals and / or welcome vouchers,Camps Syrian Girls (Age 0-17) # of newly arriving Syrian refugees receiving welcome meals and / or welcome vouchers,AzraqCamp,Girls,WFP,Camp    - ,Direct appeal,None - Fund direct from Donors,Yes,5,2,2673,# of benef.,Azraq Camp,North,Camp
5321,FOOD/LIVELIHOOD,01/02/2015,Access to Food,[REF1.1]Food Assistance,# of Syrian refugees receiving food vouchers or other forms of food assistance,Urban/Rural Syrian Men (Age 18 and above) # of Syrian refugees receiving food vouchers or other forms of food assistance,ZARQA,Men,WFP,   Urban areas - ,Direct appeal,None - Fund direct from Donors,Yes,1,1712,9072,# of benef.,Zarqa Governorate,North,Urban
5343,FOOD/LIVELIHOOD,01/01/2015,Access to Food,[REF1.1]Food Assistance,# of Syrian refugees receiving food vouchers or other forms of food assistance,Urban/Rural Syrian Boys (Age 0-17) # of Syrian refugees receiving food vouchers or other forms of food assistance,ZARQA,Boys,WFP,   Urban areas - ,Direct appeal,None - Fund direct from Donors,Yes,1,1712,10937,# of benef,Zarqa Governorate,North,Urban
5358,FOOD/LIVELIHOOD,01/01/2015,Access to Food,[REF1.1]Food Assistance,# of Syrian refugees receiving food vouchers or other forms of food assistance,Urban/Rural Syrian Men (Age 18 and above) # of Syrian refugees receiving food vouchers or other forms of food assistance,ZARQA,Men,WFP,   Urban areas - ,Direct appeal,None - Fund direct from Donors,Yes,1,1712,8952,# of benef.,Zarqa Governorate,North,Urban
5375,FOOD/LIVELIHOOD,01/01/2015,Access to Food,[REF1.1]Food Assistance,# of Syrian refugees receiving food vouchers or other forms of food assistance,Urban/Rural Syrian Women (Age 18 and above) # of Syrian refugees receiving food vouchers or other forms of food assistance,ZARQA,Women,WFP,   Urban areas - ,Direct appeal,None - Fund direct from Donors,Yes,1,1712,10329,# of benef.,Zarqa Governorate,North,Urban
5379,FOOD/LIVELIHOOD,01/02/2015,Access to Food,[RES1.2] Food Assistance to Jordanians,# of beneficiaries receiving assistance and household food consumption improved,Host Community Boys (Age 0-17) # of beneficiaries receiving assistance and household food consumption improved,ZARQA,Boys,LWF,   Urban areas - ,Appeal outside of 3RP,None - Fund direct from Donors,No,1,1712,1189,% of  beneficia,Zarqa Governorate,North,Host Community
5387,FOOD/LIVELIHOOD,01/01/2015,Access to Food,[REF1.1]Food Assistance,# of newly arriving Syrian refugees receiving welcome meals and / or welcome vouchers,Camps Syrian Boys (Age 0-17) # of newly arriving Syrian refugees receiving welcome meals and / or welcome vouchers,AzraqCamp,Boys,WFP,Camp    - ,Direct appeal,None - Fund direct from Donors,Yes,5,2,4942,# of benef,Azraq Camp,North,Camp
5394,FOOD/LIVELIHOOD,01/01/2015,Access to Food,[RES1.2] Food Assistance to Jordanians,# of beneficiaries receiving assistance and household food consumption improved,Host Community Girls (Age 0-17) # of beneficiaries receiving assistance and household food consumption improved,ZARQA,Girls,LWF,   Urban areas - ,Appeal outside of 3RP,None - Fund direct from Donors,No,1,1712,1139,# of benef.,Zarqa Governorate,North,Host Community
5396,FOOD/LIVELIHOOD,01/01/2015,Access to Food,[REF1.1]Food Assistance,# of Syrian refugees receiving food vouchers or other forms of food assistance,Urban/Rural Syrian Girls (Age 0-17) # of Syrian refugees receiving food vouchers or other forms of food assistance,ZARQA,Girls,WFP,   Urban areas - ,Direct appeal,None - Fund direct from Donors,Yes,1,1712,10289,# of benef.,Zarqa Governorate,North,Urban
5398,FOOD/LIVELIHOOD,01/02/2015,Access to Food,[REF1.1]Food Assistance,# of Syrian refugees receiving food vouchers or other forms of food assistance,Urban/Rural Syrian Women (Age 18 and above) # of Syrian refugees receiving food vouchers or other forms of food assistance,ZARQA,Women,WFP,   Urban areas - ,Direct appeal,None - Fund direct from Donors,Yes,1,1712,10468,# of benef.,Zarqa Governorate,North,Urban
5401,FOOD/LIVELIHOOD,01/02/2015,Access to Food,[RES1.2] Food Assistance to Jordanians,# of beneficiaries receiving assistance and household food consumption improved,Host Community Men (Age 18 and above) # of beneficiaries receiving assistance and household food consumption improved,ZARQA,Men,LWF,   Urban areas - ,Appeal outside of 3RP,None - Fund direct from Donors,No,1,1712,952,# of benef.,Zarqa Governorate,North,Host Community
5403,FOOD/LIVELIHOOD,01/02/2015,Access to Food,[REF1.1]Food Assistance,# of Syrian refugees receiving food vouchers or other forms of food assistance,Urban/Rural Syrian Boys (Age 0-17) # of Syrian refugees receiving food vouchers or other forms of food assistance,ZARQA,Boys,WFP,   Urban areas - ,Direct appeal,None - Fund direct from Donors,Yes,1,1712,11084,# of benef,Zarqa Governorate,North,Urban
5403,FOOD/LIVELIHOOD,01/02/2015,Access to Food,[REF1.1]Food Assistance,,Urban/Rural Syrian Boys (Age 0-17) # of Syrian refugees receiving food vouchers or other forms of food assistance,Countrywide,Boys,WFP,   Urban areas - ,Direct appeal,None - Fund direct from Donors,Yes,1,1712,0,# of benef,Zarqa Governorate,North,Urban
