,sector,StartDate,Category,activity,Indicator,Indicator2,Governorate,Gender,Partner,SiteType,appeal,Fundedby,allocation,Value,Units,location,region,poptype
5039,BASICNEEDS,30/01/2015,Basic HH Needs are met,REF14,# Female Headed Household receiving seasonal assistance,Camps Syrian Boys (Age 0-17)-# Female Headed Household receiving seasonal assistance,AzraqCamp,Boys,NRC,Camp    - ,Indirect appeal,UNHCR,Yes,509,# of benef,Campwide,North,Camp
5057,BASICNEEDS,28/02/2015,Basic HH Needs are met,REF14,# Female Headed Household receiving seasonal assistance,Camps Syrian Women (Age 18 and above)-# Female Headed Household receiving seasonal assistance,AzraqCamp,Women,NRC,Camp    - ,Indirect appeal,UNHCR,Yes,2153,# of benef,Campwide,North,Camp
5065,BASICNEEDS,28/02/2015,Basic HH Needs are met,REF14,# Female Headed Household receiving seasonal assistance,Camps Syrian Men (Age 18 and above)-# Female Headed Household receiving seasonal assistance,AzraqCamp,Men,NRC,Camp    - ,Indirect appeal,UNHCR,Yes,2553,# of benef,Campwide,North,Camp
5091,BASICNEEDS,28/02/2015,Basic HH Needs are met,REF14,# Male Headed Household receiving seasonal assistance,Camps Syrian Women (Age 18 and above)-# Male Headed Household receiving seasonal assistance,AzraqCamp,Women,NRC,Camp    - ,Indirect appeal,UNHCR,Yes,2034,# of benef,Campwide,North,Camp
5092,BASICNEEDS,28/02/2015,Basic HH Needs are met,REF14,# Male Headed Household receiving seasonal assistance,Camps Syrian Boys (Age 0-17)-# Male Headed Household receiving seasonal assistance,AzraqCamp,Boys,NRC,Camp    - ,Indirect appeal,UNHCR,Yes,784,# of benef,Campwide,North,Camp
5121,BASICNEEDS,30/01/2015,Basic HH Needs are met,REF14,# Male Headed Household receiving seasonal assistance,Camps Syrian Girls (Age 0-17)-# Male Headed Household receiving seasonal assistance,AzraqCamp,Girls,NRC,Camp    - ,Indirect appeal,UNHCR,Yes,1896,# of benef,Campwide,North,Camp
5133,BASICNEEDS,30/01/2015,Basic HH Needs are met,REF14,# Female Headed Household receiving seasonal assistance,Camps Syrian Men (Age 18 and above)-# Female Headed Household receiving seasonal assistance,AzraqCamp,Men,NRC,Camp    - ,Indirect appeal,UNHCR,Yes,413,# of benef,Campwide,North,Camp
5139,BASICNEEDS,30/01/2015,Basic HH Needs are met,REF14,# Male Headed Household receiving seasonal assistance,Camps Syrian Men (Age 18 and above)-# Male Headed Household receiving seasonal assistance,AzraqCamp,Men,NRC,Camp    - ,Indirect appeal,UNHCR,Yes,1646,# of benef,Campwide,North,Camp
5142,BASICNEEDS,28/02/2015,Basic HH Needs are met,REF14,# Female Headed Household receiving seasonal assistance,Camps Syrian Girls (Age 0-17)-# Female Headed Household receiving seasonal assistance,AzraqCamp,Girls,NRC,Camp    - ,Indirect appeal,UNHCR,Yes,717,# of benef,Campwide,North,Camp
5146,BASICNEEDS,30/01/2015,Basic HH Needs are met,REF14,# Male Headed Household receiving seasonal assistance,Camps Syrian Women (Age 18 and above)-# Male Headed Household receiving seasonal assistance,AzraqCamp,Women,NRC,Camp    - ,Indirect appeal,UNHCR,Yes,1771,# of benef,Campwide,North,Camp
5153,BASICNEEDS,28/02/2015,Basic HH Needs are met,REF14,# Female Headed Household receiving seasonal assistance,Camps Syrian Boys (Age 0-17)-# Female Headed Household receiving seasonal assistance,AzraqCamp,Boys,NRC,Camp    - ,Indirect appeal,UNHCR,Yes,850,# of benef,Campwide,North,Camp
5183,BASICNEEDS,28/02/2015,Basic HH Needs are met,REF14,# Male Headed Household receiving seasonal assistance,Camps Syrian Men (Age 18 and above)-# Male Headed Household receiving seasonal assistance,AzraqCamp,Men,NRC,Camp    - ,Indirect appeal,UNHCR,Yes,2354,# of benef,Campwide,North,Camp
5191,BASICNEEDS,30/01/2015,Basic HH Needs are met,REF11,# Female Headed Household receiving HH Items,Camps Syrian Girls (Age 0-17)-# Female Headed Household receiving HH Items,AzraqCamp,Girls,NRC,Camp    - ,Indirect appeal,UNHCR,Yes,56,# of benef,Campwide,North,Camp
5194,BASICNEEDS,30/01/2015,Basic HH Needs are met,REF14,# Female Headed Household receiving seasonal assistance,Camps Syrian Girls (Age 0-17)-# Female Headed Household receiving seasonal assistance,AzraqCamp,Girls,NRC,Camp    - ,Indirect appeal,UNHCR,Yes,474,# of benef,Campwide,North,Camp
5219,BASICNEEDS,28/02/2015,Basic HH Needs are met,REF14,# Male Headed Household receiving seasonal assistance,Camps Syrian Girls (Age 0-17)-# Male Headed Household receiving seasonal assistance,AzraqCamp,Girls,NRC,Camp    - ,Indirect appeal,UNHCR,Yes,678,# of benef,Campwide,North,Camp
5223,BASICNEEDS,28/02/2015,Basic HH Needs are met,REF12,# Female Headed Household receiving replenishment of consumable HH items,Camps Syrian Women (Age 18 and above)-# Female Headed Household receiving replenishment of consumable HH items,AzraqCamp,Women,NRC,Camp    - ,Indirect appeal,UNHCR,Yes,107,# of benef,Campwide,North,Camp
5224,BASICNEEDS,28/02/2015,Basic HH Needs are met,REF11,# Female Headed Household receiving HH Items,Camps Syrian Men (Age 18 and above)-# Female Headed Household receiving HH Items,AzraqCamp,Men,NRC,Camp    - ,Indirect appeal,UNHCR,Yes,207,# of benef,Campwide,North,Camp
5249,BASICNEEDS,30/01/2015,Basic HH Needs are met,REF14,# Male Headed Household receiving seasonal assistance,Camps Syrian Boys (Age 0-17)-# Male Headed Household receiving seasonal assistance,AzraqCamp,Boys,NRC,Camp    - ,Indirect appeal,UNHCR,Yes,2036,# of benef,Campwide,North,Camp
5250,BASICNEEDS,30/01/2015,Basic HH Needs are met,REF14,# Female Headed Household receiving seasonal assistance,Camps Syrian Women (Age 18 and above)-# Female Headed Household receiving seasonal assistance,AzraqCamp,Women,NRC,Camp    - ,Indirect appeal,UNHCR,Yes,443,# of benef,Campwide,North,Camp
5313,BASICNEEDS,30/01/2015,Basic HH Needs are met,REF11,# Male Headed Household receiving HH Items,Camps Syrian Women (Age 18 and above)-# Male Headed Household receiving HH Items,AzraqCamp,Women,NRC,Camp    - ,Indirect appeal,UNHCR,Yes,139,# of benef,Campwide,North,Camp
5386,BASICNEEDS,28/02/2015,Basic HH Needs are met,REF11,# Female Headed Household receiving HH Items,Camps Syrian Girls (Age 0-17)-# Female Headed Household receiving HH Items,AzraqCamp,Girls,NRC,Camp    - ,Indirect appeal,UNHCR,Yes,225,# of benef,Campwide,North,Camp
5387,BASICNEEDS,28/02/2015,Basic HH Needs are met,REF11,# Male Headed Household receiving HH Items,Camps Syrian Girls (Age 0-17)-# Male Headed Household receiving HH Items,AzraqCamp,Girls,NRC,Camp    - ,Indirect appeal,UNHCR,Yes,519,# of benef,Campwide,North,Camp
5430,BASICNEEDS,30/01/2015,Basic HH Needs are met,REF11,# Male Headed Household receiving HH Items,Camps Syrian Men (Age 18 and above)-# Male Headed Household receiving HH Items,AzraqCamp,Men,NRC,Camp    - ,Indirect appeal,UNHCR,Yes,149,# of benef,Campwide,North,Camp
5431,BASICNEEDS,28/02/2015,Basic HH Needs are met,REF11,# Male Headed Household receiving HH Items,Camps Syrian Boys (Age 0-17)-# Male Headed Household receiving HH Items,AzraqCamp,Boys,NRC,Camp    - ,Indirect appeal,UNHCR,Yes,563,# of benef,Campwide,North,Camp
5462,BASICNEEDS,30/01/2015,Basic HH Needs are met,REF11,# Female Headed Household receiving HH Items,Camps Syrian Boys (Age 0-17)-# Female Headed Household receiving HH Items,AzraqCamp,Boys,NRC,Camp    - ,Indirect appeal,UNHCR,Yes,60,# of benef,Campwide,North,Camp
5463,BASICNEEDS,28/02/2015,Basic HH Needs are met,REF11,# Female Headed Household receiving HH Items,Camps Syrian Women (Age 18 and above)-# Female Headed Household receiving HH Items,AzraqCamp,Women,NRC,Camp    - ,Indirect appeal,UNHCR,Yes,195,# of benef,Campwide,North,Camp
5469,BASICNEEDS,28/02/2015,Basic HH Needs are met,REF12,# Male Headed Household receiving replenishment of consumable HH items,Camps Syrian Women (Age 18 and above)-# Male Headed Household receiving replenishment of consumable HH items,AzraqCamp,Women,NRC,Camp    - ,Indirect appeal,UNHCR,Yes,321,# of benef,Campwide,North,Camp
5472,BASICNEEDS,28/02/2015,Basic HH Needs are met,REF11,# Male Headed Household receiving HH Items,Camps Syrian Men (Age 18 and above)-# Male Headed Household receiving HH Items,AzraqCamp,Men,NRC,Camp    - ,Indirect appeal,UNHCR,Yes,475,# of benef,Campwide,North,Camp
5473,BASICNEEDS,30/01/2015,Basic HH Needs are met,REF11,# Female Headed Household receiving HH Items,Camps Syrian Women (Age 18 and above)-# Female Headed Household receiving HH Items,AzraqCamp,Women,NRC,Camp    - ,Indirect appeal,UNHCR,Yes,53,# of benef,Campwide,North,Camp
5474,BASICNEEDS,28/02/2015,Basic HH Needs are met,REF11,# Male Headed Household receiving HH Items,Camps Syrian Women (Age 18 and above)-# Male Headed Household receiving HH Items,AzraqCamp,Women,NRC,Camp    - ,Indirect appeal,UNHCR,Yes,449,# of benef,Campwide,North,Camp
5501,BASICNEEDS,28/02/2015,Basic HH Needs are met,REF11,# Female Headed Household receiving HH Items,Camps Syrian Boys (Age 0-17)-# Female Headed Household receiving HH Items,AzraqCamp,Boys,NRC,Camp    - ,Indirect appeal,UNHCR,Yes,245,# of benef,Campwide,North,Camp
5506,BASICNEEDS,30/01/2015,Basic HH Needs are met,REF11,# Male Headed Household receiving HH Items,Camps Syrian Girls (Age 0-17)-# Male Headed Household receiving HH Items,AzraqCamp,Girls,NRC,Camp    - ,Indirect appeal,UNHCR,Yes,159,# of benef,Campwide,North,Camp
5584,BASICNEEDS,30/01/2015,Basic HH Needs are met,REF12,# Female Headed Household receiving replenishment of consumable HH items,Camps Syrian Boys (Age 0-17)-# Female Headed Household receiving replenishment of consumable HH items,AzraqCamp,Boys,NRC,Camp    - ,Indirect appeal,UNHCR,Yes,537,# of benef,Campwide,North,Camp
5585,BASICNEEDS,30/01/2015,Basic HH Needs are met,REF11,# Female Headed Household receiving HH Items,Camps Syrian Men (Age 18 and above)-# Female Headed Household receiving HH Items,AzraqCamp,Men,NRC,Camp    - ,Indirect appeal,UNHCR,Yes,52,# of benef,Campwide,North,Camp
5589,BASICNEEDS,30/01/2015,Basic HH Needs are met,REF12,# Male Headed Household receiving replenishment of consumable HH items,Camps Syrian Women (Age 18 and above)-# Male Headed Household receiving replenishment of consumable HH items,AzraqCamp,Women,NRC,Camp    - ,Indirect appeal,UNHCR,Yes,1871,# of benef,Campwide,North,Camp
5617,BASICNEEDS,28/02/2015,Basic HH Needs are met,REF12,# Male Headed Household receiving replenishment of consumable HH items,Camps Syrian Men (Age 18 and above)-# Male Headed Household receiving replenishment of consumable HH items,AzraqCamp,Men,NRC,Camp    - ,Indirect appeal,UNHCR,Yes,340,# of benef,Campwide,North,Camp
5621,BASICNEEDS,30/01/2015,Basic HH Needs are met,REF12,# Female Headed Household receiving replenishment of consumable HH items,Camps Syrian Women (Age 18 and above)-# Female Headed Household receiving replenishment of consumable HH items,AzraqCamp,Women,NRC,Camp    - ,Indirect appeal,UNHCR,Yes,468,# of benef,Campwide,North,Camp
5624,BASICNEEDS,28/02/2015,Basic HH Needs are met,REF12,# Male Headed Household receiving replenishment of consumable HH items,Camps Syrian Boys (Age 0-17)-# Male Headed Household receiving replenishment of consumable HH items,AzraqCamp,Boys,NRC,Camp    - ,Indirect appeal,UNHCR,Yes,403,# of benef,Campwide,North,Camp
5625,BASICNEEDS,28/02/2015,Basic HH Needs are met,REF12,# Female Headed Household receiving replenishment of consumable HH items,Camps Syrian Men (Age 18 and above)-# Female Headed Household receiving replenishment of consumable HH items,AzraqCamp,Men,NRC,Camp    - ,Indirect appeal,UNHCR,Yes,113,# of benef,Campwide,North,Camp
5626,BASICNEEDS,30/01/2015,Basic HH Needs are met,REF11,# Male Headed Household receiving HH Items,Camps Syrian Boys (Age 0-17)-# Male Headed Household receiving HH Items,AzraqCamp,Boys,NRC,Camp    - ,Indirect appeal,UNHCR,Yes,172,# of benef,Campwide,North,Camp
5629,BASICNEEDS,30/01/2015,Basic HH Needs are met,REF12,# Female Headed Household receiving replenishment of consumable HH items,Camps Syrian Men (Age 18 and above)-# Female Headed Household receiving replenishment of consumable HH items,AzraqCamp,Men,NRC,Camp    - ,Indirect appeal,UNHCR,Yes,435,# of benef,Campwide,North,Camp
5660,BASICNEEDS,28/02/2015,Basic HH Needs are met,REF12,# Female Headed Household receiving replenishment of consumable HH items,Camps Syrian Girls (Age 0-17)-# Female Headed Household receiving replenishment of consumable HH items,AzraqCamp,Girls,NRC,Camp    - ,Indirect appeal,UNHCR,Yes,124,# of benef,Campwide,North,Camp
5661,BASICNEEDS,28/02/2015,Basic HH Needs are met,REF12,# Female Headed Household receiving replenishment of consumable HH items,Camps Syrian Boys (Age 0-17)-# Female Headed Household receiving replenishment of consumable HH items,AzraqCamp,Boys,NRC,Camp    - ,Indirect appeal,UNHCR,Yes,134,# of benef,Campwide,North,Camp
5663,BASICNEEDS,30/01/2015,Basic HH Needs are met,REF12,# Male Headed Household receiving replenishment of consumable HH items,Camps Syrian Boys (Age 0-17)-# Male Headed Household receiving replenishment of consumable HH items,AzraqCamp,Boys,NRC,Camp    - ,Indirect appeal,UNHCR,Yes,2150,# of benef,Campwide,North,Camp
5667,BASICNEEDS,28/02/2015,Basic HH Needs are met,REF12,# Male Headed Household receiving replenishment of consumable HH items,Camps Syrian Girls (Age 0-17)-# Male Headed Household receiving replenishment of consumable HH items,AzraqCamp,Girls,NRC,Camp    - ,Indirect appeal,UNHCR,Yes,372,# of benef,Campwide,North,Camp
5668,BASICNEEDS,30/01/2015,Basic HH Needs are met,REF12,# Male Headed Household receiving replenishment of consumable HH items,Camps Syrian Men (Age 18 and above)-# Male Headed Household receiving replenishment of consumable HH items,AzraqCamp,Men,NRC,Camp    - ,Indirect appeal,UNHCR,Yes,1740,# of benef,Campwide,North,Camp
5682,BASICNEEDS,30/01/2015,Basic HH Needs are met,REF12,# Male Headed Household receiving replenishment of consumable HH items,Camps Syrian Girls (Age 0-17)-# Male Headed Household receiving replenishment of consumable HH items,AzraqCamp,Girls,NRC,Camp    - ,Indirect appeal,UNHCR,Yes,2003,# of benef,Campwide,North,Camp
5690,BASICNEEDS,30/01/2015,Basic HH Needs are met,REF12,# Female Headed Household receiving replenishment of consumable HH items,Camps Syrian Girls (Age 0-17)-# Female Headed Household receiving replenishment of consumable HH items,AzraqCamp,Girls,NRC,Camp    - ,Indirect appeal,UNHCR,Yes,501,# of benef,Campwide,North,Camp
5046,EDUCATION,30/01/2015,Access to Inclusive Education,[REF1.3]Non-Cert. Informal/Basic Skills,# benefiting from basic learning (literacy and numeracy),Camps Syrian Girls (Age 0-17) benefiting from basic learning (literacy and numeracy),AzraqCamp,Girls,RI,Camp    - ,Indirect appeal,UNICEF,Yes,32,# of benef,Village 3,North,Camp
5060,EDUCATION,27/02/2015,Access to Inclusive Education,[REF1.3]Non-Cert. Informal/Basic Skills,# benefiting from basic learning (literacy and numeracy),Camps Syrian Boys (Age 0-17) benefiting from basic learning (literacy and numeracy),AzraqCamp,Boys,NRC,Camp    - ,Indirect appeal,UNICEF,Yes,191,# of benef,Village 6,North,Camp
5099,EDUCATION,27/02/2015,Access to Inclusive Education,[REF1.1]Formal Educ Prim/Secondary,# benefiting from remedial classes,Camps Syrian Boys (Age 0-17) who benefit from remedial classes,AzraqCamp,Boys,RI,Camp    - ,Indirect appeal,UNICEF,Yes,263,# of benef,Village 3,North,Camp
5110,EDUCATION,30/01/2015,Quality/Protective Learning Environs.,[REF2.1] PSS activities,"# benefitting from extra-curricular activities, recreation activities and sports that contribute to psychosocial well-being","Camps Syrian Girls (Age 0-17) benefitting from extra-curricular activities, recreation activities and sports that contribute to psychosocial well-being",AzraqCamp,Girls,FCA,Camp    - ,Direct appeal,None - Fund direct from Donors,Yes,23,# of benef,Village 3,North,Camp
5112,EDUCATION,30/01/2015,Quality/Protective Learning Environs.,[REF2.1] PSS activities,"# benefitting from extra-curricular activities, recreation activities and sports that contribute to psychosocial well-being","Camps Syrian Boys (Age 0-17) benefitting from extra-curricular activities, recreation activities and sports that contribute to psychosocial well-being",AzraqCamp,Boys,FCA,Camp    - ,Direct appeal,None - Fund direct from Donors,Yes,34,# of benef,Village 3,North,Camp
5113,EDUCATION,27/02/2015,Access to Inclusive Education,[REF1.3]Non-Cert. Informal/Basic Skills,# benefiting from basic learning (literacy and numeracy),Camps Syrian Boys (Age 0-17) benefiting from basic learning (literacy and numeracy),AzraqCamp,Boys,FCA,Camp    - ,Direct appeal,None - Fund direct from Donors,Yes,35,# of benef,Village 3,North,Camp
5129,EDUCATION,30/01/2015,Access to Inclusive Education,[REF1.4]Pre-Primary Education,# accessing non-public KGs including Parent-Child Centres.,Camps Syrian Girls (Age 0-17) accessing non-public KGs including Parent-Child Centres.,AzraqCamp,Girls,SCI,Camp    - ,Direct appeal,None - Fund direct from Donors,Yes,229,# of benef,Campwide,North,Camp
5193,EDUCATION,30/01/2015,Access to Inclusive Education,[REF1.3]Non-Cert. Informal/Basic Skills,# benefiting from basic learning (literacy and numeracy),Camps Syrian Girls (Age 0-17) benefiting from basic learning (literacy and numeracy),AzraqCamp,Girls,FCA,Camp    - ,Direct appeal,None - Fund direct from Donors,Yes,31,# of benef,Village 3,North,Camp
5209,EDUCATION,30/01/2015,Access to Inclusive Education,[REF1.1]Formal Educ Prim/Secondary,# benefiting from remedial classes,Camps Syrian Boys (Age 0-17) who benefit from remedial classes,AzraqCamp,Boys,RI,Camp    - ,Indirect appeal,UNICEF,Yes,202,# of benef,Village 3,North,Camp
5215,EDUCATION,27/02/2015,Quality/Protective Learning Environs.,[REF2.1] PSS activities,"# benefitting from extra-curricular activities, recreation activities and sports that contribute to psychosocial well-being","Camps Syrian Boys (Age 0-17) benefitting from extra-curricular activities, recreation activities and sports that contribute to psychosocial well-being",AzraqCamp,Boys,RI,Camp    - ,Indirect appeal,UNICEF,Yes,72,# of benef,Village 3,North,Camp
5217,EDUCATION,27/02/2015,Quality/Protective Learning Environs.,[REF2.1] PSS activities,"# benefitting from extra-curricular activities, recreation activities and sports that contribute to psychosocial well-being","Camps Syrian Girls (Age 0-17) benefitting from extra-curricular activities, recreation activities and sports that contribute to psychosocial well-being",AzraqCamp,Girls,RI,Camp    - ,Indirect appeal,UNICEF,Yes,78,# of benef,Village 3,North,Camp
5236,EDUCATION,30/01/2015,Access to Inclusive Education,[REF1.4]Pre-Primary Education,# accessing non-public KGs including Parent-Child Centres.,Camps Syrian Boys (Age 0-17) accessing non-public KGs including Parent-Child Centres.,AzraqCamp,Boys,SCI,Camp    - ,Direct appeal,None - Fund direct from Donors,Yes,223,# of benef,Campwide,North,Camp
5237,EDUCATION,27/02/2015,Access to Inclusive Education,[REF1.3]Non-Cert. Informal/Basic Skills,# benefiting from basic learning (literacy and numeracy),Camps Syrian Girls (Age 0-17) benefiting from basic learning (literacy and numeracy),AzraqCamp,Girls,NRC,Camp    - ,Indirect appeal,UNICEF,Yes,166,# of benef,Village 6,North,Camp
5240,EDUCATION,27/02/2015,Access to Inclusive Education,[REF1.3]Non-Cert. Informal/Basic Skills,# benefiting from basic learning (literacy and numeracy),Camps Syrian Boys (Age 0-17) benefiting from basic learning (literacy and numeracy),AzraqCamp,Boys,RI,Camp    - ,Indirect appeal,UNICEF,Yes,72,# of benef,Village 3,North,Camp
5243,EDUCATION,27/02/2015,Access to Inclusive Education,[REF1.3]Non-Cert. Informal/Basic Skills,# benefiting from basic learning (literacy and numeracy),Camps Syrian Girls (Age 0-17) benefiting from basic learning (literacy and numeracy),AzraqCamp,Girls,RI,Camp    - ,Indirect appeal,UNICEF,Yes,78,# of benef,Village 3,North,Camp
5254,EDUCATION,30/01/2015,Quality/Protective Learning Environs.,[REF2.1] PSS activities,"# benefitting from extra-curricular activities, recreation activities and sports that contribute to psychosocial well-being","Camps Syrian Girls (Age 0-17) benefitting from extra-curricular activities, recreation activities and sports that contribute to psychosocial well-being",AzraqCamp,Girls,RI,Camp    - ,Indirect appeal,UNICEF,Yes,32,# of benef,Village 3,North,Camp
5307,EDUCATION,27/02/2015,Access to Inclusive Education,[REF1.1]Formal Educ Prim/Secondary,# benefiting from remedial classes,Camps Syrian Girls (Age 0-17) who benefit from remedial classes,AzraqCamp,Girls,RI,Camp    - ,Indirect appeal,UNICEF,Yes,200,# of benef,Village 3,North,Camp
5323,EDUCATION,30/01/2015,Access to Inclusive Education,[REF1.3]Non-Cert. Informal/Basic Skills,# benefiting from basic learning (literacy and numeracy),Camps Syrian Boys (Age 0-17) benefiting from basic learning (literacy and numeracy),AzraqCamp,Boys,RI,Camp    - ,Indirect appeal,UNICEF,Yes,50,# of benef,Village 3,North,Camp
5374,EDUCATION,30/01/2015,Quality/Protective Learning Environs.,[REF2.1] PSS activities,"# benefitting from extra-curricular activities, recreation activities and sports that contribute to psychosocial well-being","Camps Syrian Boys (Age 0-17) benefitting from extra-curricular activities, recreation activities and sports that contribute to psychosocial well-being",AzraqCamp,Boys,RI,Camp    - ,Indirect appeal,UNICEF,Yes,50,# of benef,Village 3,North,Camp
5421,EDUCATION,27/02/2015,Access to Inclusive Education,[REF1.3]Non-Cert. Informal/Basic Skills,# benefiting from basic learning (literacy and numeracy),Camps Syrian Girls (Age 0-17) benefiting from basic learning (literacy and numeracy),AzraqCamp,Girls,FCA,Camp    - ,Direct appeal,None - Fund direct from Donors,Yes,4,# of benef,Village 3,North,Camp
5425,EDUCATION,30/01/2015,Access to Inclusive Education,[REF1.3]Non-Cert. Informal/Basic Skills,# benefiting from basic learning (literacy and numeracy),Camps Syrian Boys (Age 0-17) benefiting from basic learning (literacy and numeracy),AzraqCamp,Boys,FCA,Camp    - ,Direct appeal,None - Fund direct from Donors,Yes,24,# of benef,Village 3,North,Camp
5435,EDUCATION,27/02/2015,Access to Inclusive Education,[REF1.3]Non-Cert. Informal/Basic Skills,# benefiting from technical skills/post-basic education,Camps Syrian Boys (Age 0-17) benefiting from technical skills/post-basic education,AzraqCamp,Boys,NRC,Camp    - ,Direct appeal,None - Fund direct from Donors,Yes,87,# of benef,Village 3,North,Camp
5451,EDUCATION,30/01/2015,Access to Inclusive Education,[REF1.5]Special Needs Access Educ/PSS,# with specific needs provided with inclusive education and psychosocial services,Camps Syrian Boys (Age 0-17) with specific needs provided with inclusive education and psychosocial services,AzraqCamp,Boys,Mercy Corps,Camp    - ,Indirect appeal,UNICEF,Yes,12,# of benef,Campwide,North,Camp
5452,EDUCATION,27/02/2015,Quality/Protective Learning Environs.,[REF2.3]Essential Education Supplies,# provided with individual education kits (school bags and stationery),Camps Syrian Boys (Age 0-17) provided with individual education kits (school bags and stationery),AzraqCamp,Boys,NRC,Camp    - ,Direct appeal,None - Fund direct from Donors,Yes,81,# of benef,Village 3,North,Camp
5456,EDUCATION,27/02/2015,Access to Inclusive Education,[REF1.5]Special Needs Access Educ/PSS,# with specific needs provided with inclusive education and psychosocial services,Camps Syrian Boys (Age 0-17) with specific needs provided with inclusive education and psychosocial services,AzraqCamp,Boys,Mercy Corps,Camp    - ,Indirect appeal,UNICEF,Yes,7,# of benef,Campwide,North,Camp
5557,EDUCATION,27/02/2015,Access to Inclusive Education,[REF1.3]Non-Cert. Informal/Basic Skills,# benefiting from technical skills/post-basic education,Camps Syrian Girls (Age 0-17) benefiting from technical skills/post-basic education,AzraqCamp,Girls,NRC,Camp    - ,Direct appeal,None - Fund direct from Donors,Yes,66,# of benef,Village 3,North,Camp
5558,EDUCATION,30/01/2015,Access to Inclusive Education,[REF1.3]Non-Cert. Informal/Basic Skills,# benefiting from technical skills/post-basic education,Camps Syrian Boys (Age 0-17) benefiting from technical skills/post-basic education,AzraqCamp,Boys,NRC,Camp    - ,Direct appeal,None - Fund direct from Donors,Yes,23,# of benef,Village 3,North,Camp
5572,EDUCATION,27/02/2015,Quality/Protective Learning Environs.,[REF2.3]Essential Education Supplies,# provided with individual education kits (school bags and stationery),Camps Syrian Girls (Age 0-17) provided with individual education kits (school bags and stationery),AzraqCamp,Girls,NRC,Camp    - ,Direct appeal,None - Fund direct from Donors,Yes,50,# of benef,Village 3,North,Camp
5631,EDUCATION,30/01/2015,Access to Inclusive Education,[REF1.3]Non-Cert. Informal/Basic Skills,# benefiting from basic learning (literacy and numeracy),Camps Syrian Boys (Age 0-17) benefiting from basic learning (literacy and numeracy),AzraqCamp,Boys,NRC,Camp    - ,Indirect appeal,UNICEF,Yes,65,# of benef,Village 6,North,Camp
5643,EDUCATION,30/01/2015,Access to Inclusive Education,[REF1.5]Special Needs Access Educ/PSS,# with specific needs provided with inclusive education and psychosocial services,Camps Syrian Girls (Age 0-17) with specific needs provided with inclusive education and psychosocial services,AzraqCamp,Girls,Mercy Corps,Camp    - ,Indirect appeal,UNICEF,Yes,7,# of benef,Campwide,North,Camp
5644,EDUCATION,27/02/2015,Access to Inclusive Education,[REF1.5]Special Needs Access Educ/PSS,# with specific needs provided with inclusive education and psychosocial services,Camps Syrian Girls (Age 0-17) with specific needs provided with inclusive education and psychosocial services,AzraqCamp,Girls,Mercy Corps,Camp    - ,Indirect appeal,UNICEF,Yes,9,# of benef,Campwide,North,Camp
5657,EDUCATION,30/01/2015,Access to Inclusive Education,[REF1.3]Non-Cert. Informal/Basic Skills,# benefiting from basic learning (literacy and numeracy),Camps Syrian Girls (Age 0-17) benefiting from basic learning (literacy and numeracy),AzraqCamp,Girls,NRC,Camp    - ,Indirect appeal,UNICEF,Yes,83,# of benef,Village 6,North,Camp
5672,EDUCATION,30/01/2015,Access to Inclusive Education,[REF1.1]Formal Educ Prim/Secondary,# benefiting from remedial classes,Camps Syrian Girls (Age 0-17) who benefit from remedial classes,AzraqCamp,Girls,RI,Camp    - ,Indirect appeal,UNICEF,Yes,138,# of benef,Village 3,North,Camp
5701,EDUCATION,27/02/2015,Quality/Protective Learning Environs.,[REF2.3]Essential Education Supplies,# provided with individual education kits (school bags and stationery),Camps Syrian Boys (Age 0-17) provided with individual education kits (school bags and stationery),AzraqCamp,Boys,NRC,Camp    - ,Indirect appeal,UNICEF,Yes,183,# of benef,Village 6,North,Camp
5734,EDUCATION,27/02/2015,Quality/Protective Learning Environs.,[REF2.3]Essential Education Supplies,# provided with individual education kits (school bags and stationery),Camps Syrian Girls (Age 0-17) provided with individual education kits (school bags and stationery),AzraqCamp,Girls,NRC,Camp    - ,Indirect appeal,UNICEF,Yes,161,# of benef,Village 6,North,Camp
5226,FOOD,30/01/2015,Access to Food,[REF1.1]Food Assistance,# of Syrian refugees receiving food vouchers or other forms of food assistance,Camps Syrian Girls (Age 0-17) # of Syrian refugees receiving food vouchers or other forms of food assistance,AzraqCamp,Girls,WFP,Camp    - ,Direct appeal,None - Fund direct from Donors,Yes,2659,# of benef.,Campwide,North,Camp
5321,FOOD,27/02/2015,Access to Food,[REF1.1]Food Assistance,# of newly arriving Syrian refugees receiving welcome meals and / or welcome vouchers,Camps Syrian Women (Age 18 and above) # of newly arriving Syrian refugees receiving welcome meals and / or welcome vouchers,AzraqCamp,Women,WFP,Camp    - ,Direct appeal,None - Fund direct from Donors,Yes,2259,# of benef.,Campwide,North,Camp
5443,FOOD,30/01/2015,Access to Food,[REF1.1]Food Assistance,# of Syrian refugees receiving food vouchers or other forms of food assistance,Camps Syrian Men (Age 18 and above) # of Syrian refugees receiving food vouchers or other forms of food assistance,AzraqCamp,Men,WFP,Camp    - ,Direct appeal,None - Fund direct from Donors,Yes,2314,# of benef.,Campwide,North,Camp
5444,FOOD,27/02/2015,Access to Food,[REF1.1]Food Assistance,# of Syrian refugees receiving food vouchers or other forms of food assistance,Camps Syrian Boys (Age 0-17) # of Syrian refugees receiving food vouchers or other forms of food assistance,AzraqCamp,Boys,WFP,Camp    - ,Direct appeal,None - Fund direct from Donors,Yes,2794,# of benef,Campwide,North,Camp
5566,FOOD,27/02/2015,Access to Food,[REF1.1]Food Assistance,# of newly arriving Syrian refugees receiving welcome meals and / or welcome vouchers,Camps Syrian Men (Age 18 and above) # of newly arriving Syrian refugees receiving welcome meals and / or welcome vouchers,AzraqCamp,Men,WFP,Camp    - ,Direct appeal,None - Fund direct from Donors,Yes,2111,# of benef.,Campwide,North,Camp
5567,FOOD,27/02/2015,Access to Food,[REF1.1]Food Assistance,# of Syrian refugees receiving food vouchers or other forms of food assistance,Camps Syrian Women (Age 18 and above) # of Syrian refugees receiving food vouchers or other forms of food assistance,AzraqCamp,Women,WFP,Camp    - ,Direct appeal,None - Fund direct from Donors,Yes,2191,# of benef.,Campwide,North,Camp
5573,FOOD,30/01/2015,Access to Food,[REF1.1]Food Assistance,# of Syrian refugees receiving food vouchers or other forms of food assistance,Camps Syrian Women (Age 18 and above) # of Syrian refugees receiving food vouchers or other forms of food assistance,AzraqCamp,Women,WFP,Camp    - ,Direct appeal,None - Fund direct from Donors,Yes,2670,# of benef.,Campwide,North,Camp
5669,FOOD,27/02/2015,Access to Food,[REF1.1]Food Assistance,# of newly arriving Syrian refugees receiving welcome meals and / or welcome vouchers,Camps Syrian Boys (Age 0-17) # of newly arriving Syrian refugees receiving welcome meals and / or welcome vouchers,AzraqCamp,Boys,WFP,Camp    - ,Direct appeal,None - Fund direct from Donors,Yes,4942,# of benef,Campwide,North,Camp
5677,FOOD,30/01/2015,Access to Food,[REF1.1]Food Assistance,# of Syrian refugees receiving food vouchers or other forms of food assistance,Camps Syrian Boys (Age 0-17) # of Syrian refugees receiving food vouchers or other forms of food assistance,AzraqCamp,Boys,WFP,Camp    - ,Direct appeal,None - Fund direct from Donors,Yes,2827,# of benef,Campwide,North,Camp
5678,FOOD,27/02/2015,Access to Food,[REF1.1]Food Assistance,# of newly arriving Syrian refugees receiving welcome meals and / or welcome vouchers,Camps Syrian Girls (Age 0-17) # of newly arriving Syrian refugees receiving welcome meals and / or welcome vouchers,AzraqCamp,Girls,WFP,Camp    - ,Direct appeal,None - Fund direct from Donors,Yes,2673,# of benef.,Campwide,North,Camp
5689,FOOD,27/02/2015,Access to Food,[REF1.1]Food Assistance,# of Syrian refugees receiving food vouchers or other forms of food assistance,Camps Syrian Girls (Age 0-17) # of Syrian refugees receiving food vouchers or other forms of food assistance,AzraqCamp,Girls,WFP,Camp    - ,Direct appeal,None - Fund direct from Donors,Yes,2593,# of benef.,Campwide,North,Camp
5694,FOOD,27/02/2015,Access to Food,[REF1.1]Food Assistance,# of Syrian refugees receiving food vouchers or other forms of food assistance,Camps Syrian Men (Age 18 and above) # of Syrian refugees receiving food vouchers or other forms of food assistance,AzraqCamp,Men,WFP,Camp    - ,Direct appeal,None - Fund direct from Donors,Yes,2047,# of benef.,Campwide,North,Camp
5033,HEALTH,27/02/2015,Secondary/Tertiary Care,[REF2.5]Secondary/Tertiary Referrals,# referred for secondary and tertiary care,Camps Syrian Women (Age 18 and above) # referred for secondary and tertiary care,AzraqCamp,Women,JHAS,Camp    - ,Indirect appeal,UNHCR,Yes,49,# of benef,Campwide,North,Camp
5034,HEALTH,30/01/2015,Secondary/Tertiary Care,[REF2.5]Secondary/Tertiary Referrals,# referred for secondary and tertiary care,Camps Syrian Women (Age 18 and above) # referred for secondary and tertiary care,AzraqCamp,Women,JHAS,Camp    - ,Indirect appeal,UNHCR,Yes,32,# of benef,Campwide,North,Camp
5048,HEALTH,30/01/2015,Secondary/Tertiary Care,[REF2.5]Secondary/Tertiary Referrals,# referred for secondary and tertiary care,Camps Syrian Men (Age 18 and above) # referred for secondary and tertiary care,AzraqCamp,Men,JHAS,Camp    - ,Indirect appeal,UNHCR,Yes,31,# of benef,Campwide,North,Camp
5078,HEALTH,30/01/2015,Secondary/Tertiary Care,[REF2.5]Secondary/Tertiary Referrals,# referred for secondary and tertiary care,Camps Syrian Girls (Age 0-17) # referred for secondary and tertiary care,AzraqCamp,Girls,JHAS,Camp    - ,Indirect appeal,UNHCR,Yes,21,# of benef,Campwide,North,Camp
5083,HEALTH,27/02/2015,Primary Health Care,[REF1.3]Reproductive Health Services,# of antenatal care visits provided,Camps Syrian Girls (Age 0-17) # of antenatal care visits provided,AzraqCamp,Girls,IMC,Camp    - ,Indirect appeal,UNFPA,Yes,7,# of benef,Campwide,North,Camp
5114,HEALTH,27/02/2015,Secondary/Tertiary Care,[REF2.5]Secondary/Tertiary Referrals,# referred for secondary and tertiary care,Camps Syrian Girls (Age 0-17) # referred for secondary and tertiary care,AzraqCamp,Girls,JHAS,Camp    - ,Indirect appeal,UNHCR,Yes,32,# of benef,Campwide,North,Camp
5161,HEALTH,30/01/2015,Primary Health Care,[REF1.3]Reproductive Health Services,# of antenatal care visits provided,Camps Syrian Women (Age 18 and above) # of antenatal care visits provided,AzraqCamp,Women,IMC,Camp    - ,Indirect appeal,UNFPA,Yes,68,# of benef,Campwide,North,Camp
5216,HEALTH,27/02/2015,Secondary/Tertiary Care,[REF2.1]Comprehensive secondary mental health,# of consultations provided on secondary mental health,Camps Syrian Boys (Age 0-17) # of consultations provided on secondary mental health,AzraqCamp,Boys,IMC,Camp    - ,Indirect appeal,UNHCR,Yes,35,# of benef,Campwide,North,Camp
5245,HEALTH,27/02/2015,Secondary/Tertiary Care,[REF2.5]Secondary/Tertiary Referrals,# referred for secondary and tertiary care,Camps Syrian Boys (Age 0-17) # referred for secondary and tertiary care,AzraqCamp,Boys,JHAS,Camp    - ,Indirect appeal,UNHCR,Yes,38,# of benef,Campwide,North,Camp
5251,HEALTH,30/01/2015,Secondary/Tertiary Care,[REF2.5]Secondary/Tertiary Referrals,# referred for secondary and tertiary care,Camps Syrian Boys (Age 0-17) # referred for secondary and tertiary care,AzraqCamp,Boys,JHAS,Camp    - ,Indirect appeal,UNHCR,Yes,34,# of benef,Campwide,North,Camp
5255,HEALTH,30/01/2015,Secondary/Tertiary Care,[REF2.1]Comprehensive secondary mental health,# of consultations provided on secondary mental health,Camps Syrian Girls (Age 0-17) # of consultations provided on secondary mental health,AzraqCamp,Girls,IMC,Camp    - ,Indirect appeal,UNHCR,Yes,42,# of benef,Campwide,North,Camp
5284,HEALTH,27/02/2015,Secondary/Tertiary Care,[REF2.5]Secondary/Tertiary Referrals,# referred for secondary and tertiary care,Camps Syrian Men (Age 18 and above) # referred for secondary and tertiary care,AzraqCamp,Men,JHAS,Camp    - ,Indirect appeal,UNHCR,Yes,40,# of benef,Campwide,North,Camp
5297,HEALTH,30/01/2015,Secondary/Tertiary Care,[REF2.1]Comprehensive secondary mental health,# of consultations provided on secondary mental health,Camps Syrian Boys (Age 0-17) # of consultations provided on secondary mental health,AzraqCamp,Boys,IMC,Camp    - ,Indirect appeal,UNHCR,Yes,30,# of benef,Campwide,North,Camp
5319,HEALTH,27/02/2015,Secondary/Tertiary Care,[REF2.5]Secondary/Tertiary Referrals,# referred for secondary and tertiary care,Camps Syrian Men (Age 18 and above) # referred for secondary and tertiary care,AzraqCamp,Men,IMC,Camp    - ,Indirect appeal,UNHCR,Yes,37,# of benef,Campwide,North,Camp
5320,HEALTH,27/02/2015,Secondary/Tertiary Care,[REF2.5]Secondary/Tertiary Referrals,# referred for secondary and tertiary care,Camps Syrian Girls (Age 0-17) # referred for secondary and tertiary care,AzraqCamp,Girls,IMC,Camp    - ,Indirect appeal,UNHCR,Yes,21,# of benef,Campwide,North,Camp
5336,HEALTH,30/01/2015,Secondary/Tertiary Care,[REF2.1]Comprehensive secondary mental health,# of consultations provided on secondary mental health,Camps Syrian Men (Age 18 and above) # of consultations provided on secondary mental health,AzraqCamp,Men,IMC,Camp    - ,Indirect appeal,UNHCR,Yes,50,# of benef,Campwide,North,Camp
5355,HEALTH,30/01/2015,Primary Health Care,[REF1.3]Reproductive Health Services,# of antenatal care visits provided,Camps Syrian Girls (Age 0-17) # of antenatal care visits provided,AzraqCamp,Girls,IMC,Camp    - ,Indirect appeal,UNFPA,Yes,11,# of benef,Campwide,North,Camp
5375,HEALTH,27/02/2015,Secondary/Tertiary Care,[REF2.1]Comprehensive secondary mental health,# of consultations provided on secondary mental health,Camps Syrian Girls (Age 0-17) # of consultations provided on secondary mental health,AzraqCamp,Girls,IMC,Camp    - ,Indirect appeal,UNHCR,Yes,50,# of benef,Campwide,North,Camp
5394,HEALTH,27/02/2015,Primary Health Care,[REF1.3]Reproductive Health Services,# of antenatal care visits provided,Camps Syrian Women (Age 18 and above) # of antenatal care visits provided,AzraqCamp,Women,IMC,Camp    - ,Indirect appeal,UNFPA,Yes,51,# of benef,Campwide,North,Camp
5511,HEALTH,27/02/2015,Secondary/Tertiary Care,[REF2.2]Comprehensive rehabilitation for adul,# of sessions  of rehabilitation provided,Camps Syrian Girls (Age 0-17) # of sessions  of rehabilitation provided,AzraqCamp,Girls,HI,Camp    - ,Direct appeal,None - Fund direct from Donors,Yes,62,# of benef,Campwide,North,Camp
5537,HEALTH,27/02/2015,Secondary/Tertiary Care,[REF2.1]Comprehensive secondary mental health,# of consultations provided on secondary mental health,Camps Syrian Women (Age 18 and above) # of consultations provided on secondary mental health,AzraqCamp,Women,IMC,Camp    - ,Indirect appeal,UNHCR,Yes,51,# of benef,Campwide,North,Camp
5552,HEALTH,30/01/2015,Secondary/Tertiary Care,[REF2.2]Comprehensive rehabilitation for adul,# of sessions  of rehabilitation provided,Camps Syrian Men (Age 18 and above) # of sessions  of rehabilitation provided,AzraqCamp,Men,HI,Camp    - ,Direct appeal,None - Fund direct from Donors,Yes,139,# of benef,Campwide,North,Camp
5553,HEALTH,27/02/2015,Secondary/Tertiary Care,[REF2.2]Comprehensive rehabilitation for adul,# of sessions  of rehabilitation provided,Camps Syrian Men (Age 18 and above) # of sessions  of rehabilitation provided,AzraqCamp,Men,HI,Camp    - ,Direct appeal,None - Fund direct from Donors,Yes,141,# of benef,Campwide,North,Camp
5554,HEALTH,27/02/2015,Secondary/Tertiary Care,[REF2.2]Comprehensive rehabilitation for adul,# of sessions  of rehabilitation provided,Camps Syrian Women (Age 18 and above) # of sessions  of rehabilitation provided,AzraqCamp,Women,HI,Camp    - ,Direct appeal,None - Fund direct from Donors,Yes,100,# of benef,Campwide,North,Camp
5561,HEALTH,27/02/2015,Secondary/Tertiary Care,[REF2.5]Secondary/Tertiary Referrals,# referred for secondary and tertiary care,Camps Syrian Boys (Age 0-17) # referred for secondary and tertiary care,AzraqCamp,Boys,IMC,Camp    - ,Indirect appeal,UNHCR,Yes,32,# of benef,Campwide,North,Camp
5595,HEALTH,30/01/2015,Secondary/Tertiary Care,[REF2.2]Comprehensive rehabilitation for adul,# of sessions  of rehabilitation provided,Camps Syrian Boys (Age 0-17) # of sessions  of rehabilitation provided,AzraqCamp,Boys,HI,Camp    - ,Direct appeal,None - Fund direct from Donors,Yes,25,# of benef,Campwide,North,Camp
5596,HEALTH,27/02/2015,Secondary/Tertiary Care,[REF2.2]Comprehensive rehabilitation for adul,# of sessions  of rehabilitation provided,Camps Syrian Boys (Age 0-17) # of sessions  of rehabilitation provided,AzraqCamp,Boys,HI,Camp    - ,Direct appeal,None - Fund direct from Donors,Yes,84,# of benef,Campwide,North,Camp
5597,HEALTH,30/01/2015,Secondary/Tertiary Care,[REF2.2]Comprehensive rehabilitation for adul,# of sessions  of rehabilitation provided,Camps Syrian Girls (Age 0-17) # of sessions  of rehabilitation provided,AzraqCamp,Girls,HI,Camp    - ,Direct appeal,None - Fund direct from Donors,Yes,45,# of benef,Campwide,North,Camp
5638,HEALTH,30/01/2015,Secondary/Tertiary Care,[REF2.2]Comprehensive rehabilitation for adul,# of sessions  of rehabilitation provided,Camps Syrian Women (Age 18 and above) # of sessions  of rehabilitation provided,AzraqCamp,Women,HI,Camp    - ,Direct appeal,None - Fund direct from Donors,Yes,94,# of benef,Campwide,North,Camp
5641,HEALTH,27/02/2015,Secondary/Tertiary Care,[REF2.5]Secondary/Tertiary Referrals,# referred for secondary and tertiary care,Camps Syrian Women (Age 18 and above) # referred for secondary and tertiary care,AzraqCamp,Women,IMC,Camp    - ,Indirect appeal,UNHCR,Yes,49,# of benef,Campwide,North,Camp
5712,HEALTH,27/02/2015,Secondary/Tertiary Care,[REF2.1]Comprehensive secondary mental health,# of consultations provided on secondary mental health,Camps Syrian Men (Age 18 and above) # of consultations provided on secondary mental health,AzraqCamp,Men,IMC,Camp    - ,Indirect appeal,UNHCR,Yes,67,# of benef,Campwide,North,Camp
5725,HEALTH,30/01/2015,Secondary/Tertiary Care,[REF2.1]Comprehensive secondary mental health,# of consultations provided on secondary mental health,Camps Syrian Women (Age 18 and above) # of consultations provided on secondary mental health,AzraqCamp,Women,IMC,Camp    - ,Indirect appeal,UNHCR,Yes,37,# of benef,Campwide,North,Camp
5596,HEALTH,1/1/2015,Secondary/Tertiary Care,[REF2.2]Comprehensive rehabilitation for adul,# of sessions  of rehabilitation provided,,AzraqCamp,Boys,HI,Camp    - ,Direct appeal,None - Fund direct from Donors,Yes,0,# of benef,Campwide,North,Camp
5597,HEALTH,1/1/2015,Secondary/Tertiary Care,[REF2.2]Comprehensive rehabilitation for adul,# of sessions  of rehabilitation provided,,AzraqCamp,Girls,HI,Camp    - ,Direct appeal,None - Fund direct from Donors,Yes,,# of benef,Campwide,North,Camp
5041,PROTECTION,28/02/2015,Child Protection,REF4,# of SC provided with multi-sectoral services,Camps Syrian Girls (Age 0-17) # of SC provided with multi-sectoral services,AzraqCamp,Girls,UNHCR,Camp    - ,Direct appeal,None - Fund direct from Donors,Yes,14,# of benef,Campwide,North,Camp
5042,PROTECTION,30/01/2015,Child Protection,REF4,# of UAC provided with multi-sectoral services,Camps Syrian Girls (Age 0-17) # of UAC provided with multi-sectoral services,AzraqCamp,Girls,UNHCR,Camp    - ,Direct appeal,None - Fund direct from Donors,Yes,2,# of benef,Campwide,North,Camp
5067,PROTECTION,28/02/2015,Community Empowered; Services to Vuln,REF24,# accessing PSS services (level 2 & 3),Camps Syrian Boys (Age 0-17) accessing PSS services (level 2 & 3),AzraqCamp,Boys,Mercy Corps,Camp    - ,Indirect appeal,UNICEF,Yes,155,# of benef,Campwide,North,Camp
5072,PROTECTION,30/01/2015,Child Protection,REF4,# children with disabilities provided with multi-sectoral services,Camps Syrian Girls (Age 0-17) children with disabilities provided with multi-sectoral services,AzraqCamp,Girls,IMC,Camp    - ,Indirect appeal,UNHCR-UNICEF,Yes,2,# of benef,Campwide,North,Camp
5080,PROTECTION,30/01/2015,Child Protection,REF4,# experiencing violence in the home provided with multi-sectoral services,Camps Syrian Girls (Age 0-17) # experiencing violence in the home provided with multi-sectoral services,AzraqCamp,Girls,IMC,Camp    - ,Indirect appeal,UNHCR-UNICEF,Yes,40,# of benef,Campwide,North,Camp
5081,PROTECTION,30/01/2015,Child Protection,REF4,# of other child protection cases provided with multi-sectoral services,Camps Syrian Girls (Age 0-17) # of other child protection cases provided with multi-sectoral services,AzraqCamp,Girls,IMC,Camp    - ,Indirect appeal,UNHCR-UNICEF,Yes,12,# of benef,Campwide,North,Camp
5086,PROTECTION,28/02/2015,Community Empowered; Services to Vuln,REF24,# accessing PSS services (level 2 & 3),Urban/Rural Syrian Girls (Age 0-17) accessing PSS services (level 2 & 3),AzraqCamp,Girls,CARE,Camp    - ,Indirect appeal,UNHCR,Yes,666,# of benef,Campwide,North,Urban
5088,PROTECTION,28/02/2015,Child Protection,REF4,# in child labour provided with multi-sectoral services,Camps Syrian Girls (Age 0-17) # in child labour provided with multi-sectoral services,AzraqCamp,Girls,IMC,Camp    - ,Indirect appeal,UNHCR-UNICEF,Yes,1,# of benef,Campwide,North,Camp
5093,PROTECTION,28/02/2015,Child Protection,REF4,# of SC provided with multi-sectoral services,Camps Syrian Boys (Age 0-17) # of SC provided with multi-sectoral services,AzraqCamp,Boys,UNHCR,Camp    - ,Direct appeal,None - Fund direct from Donors,Yes,8,# of benef,Campwide,North,Camp
5102,PROTECTION,28/02/2015,Child Protection,REF4,# experiencing violence in the home provided with multi-sectoral services,Camps Syrian Boys (Age 0-17) # experiencing violence in the home provided with multi-sectoral services,AzraqCamp,Boys,IMC,Camp    - ,Indirect appeal,UNHCR-UNICEF,Yes,20,# of benef,Campwide,North,Camp
5118,PROTECTION,28/02/2015,Child Protection,REF4,# of other child protection cases provided with multi-sectoral services,Camps Syrian Boys (Age 0-17) # of other child protection cases provided with multi-sectoral services,AzraqCamp,Boys,IMC,Camp    - ,Indirect appeal,UNHCR-UNICEF,Yes,21,# of benef,Campwide,North,Camp
5125,PROTECTION,30/01/2015,Child Protection,REF4,# of UAC provided with multi-sectoral services,Camps Syrian Boys (Age 0-17) # of UAC provided with multi-sectoral services,AzraqCamp,Boys,UNHCR,Camp    - ,Direct appeal,None - Fund direct from Donors,Yes,13,# of benef,Campwide,North,Camp
5134,PROTECTION,28/02/2015,Community Empowered; Services to Vuln,REF24,# accessing PSS services (level 2 & 3),Camps Syrian Women (Age 18 and above) accessing PSS services (level 2 & 3),AzraqCamp,Women,CARE,Camp    - ,Indirect appeal,UNHCR,Yes,48,# of benef,Campwide,North,Camp
5148,PROTECTION,28/02/2015,Community Empowered; Services to Vuln,REF24,# accessing PSS services (level 2 & 3),Host Community Women (Age 18 and above) accessing PSS services (level 2 & 3),AzraqCamp,Women,CARE,Camp    - ,Indirect appeal,UNHCR,Yes,147,# of benef,Campwide,North,Host Community
5156,PROTECTION,28/02/2015,Community Empowered; Services to Vuln,REF24,# accessing PSS services (level 2 & 3),Urban/Rural Syrian Boys (Age 0-17) accessing PSS services (level 2 & 3),AzraqCamp,Boys,CARE,Camp    - ,Indirect appeal,UNHCR,Yes,434,# of benef,Campwide,North,Urban
5164,PROTECTION,28/02/2015,Child Protection,REF4,# of UAC provided with multi-sectoral services,Camps Syrian Boys (Age 0-17) # of UAC provided with multi-sectoral services,AzraqCamp,Boys,UNHCR,Camp    - ,Direct appeal,None - Fund direct from Donors,Yes,26,# of benef,Campwide,North,Camp
5166,PROTECTION,28/02/2015,Community Empowered; Services to Vuln,REF24,# accessing PSS services (level 2 & 3),Host Community Boys (Age 0-17) accessing PSS services (level 2 & 3),AzraqCamp,Boys,CARE,Camp    - ,Indirect appeal,UNHCR,Yes,584,# of benef,Campwide,North,Host Community
5172,PROTECTION,28/02/2015,Community Empowered; Services to Vuln,REF24,# accessing PSS services (level 2 & 3),Camps Syrian Men (Age 18 and above) accessing PSS services (level 2 & 3),AzraqCamp,Men,Mercy Corps,Camp    - ,Indirect appeal,UNICEF,Yes,86,# of benef,Campwide,North,Camp
5187,PROTECTION,30/01/2015,Community Empowered; Services to Vuln,REF24,# accessing PSS services (level 2 & 3),Camps Syrian Girls (Age 0-17) accessing PSS services (level 2 & 3),AzraqCamp,Girls,Mercy Corps,Camp    - ,Indirect appeal,UNICEF,Yes,143,# of benef,Campwide,North,Camp
5188,PROTECTION,28/02/2015,Community Empowered; Services to Vuln,REF24,# accessing PSS services (level 2 & 3),Host Community Men (Age 18 and above) accessing PSS services (level 2 & 3),AzraqCamp,Men,CARE,Camp    - ,Indirect appeal,UNHCR,Yes,15,# of benef,Campwide,North,Host Community
5192,PROTECTION,28/02/2015,Community Empowered; Services to Vuln,REF24,# accessing PSS services (level 2 & 3),Camps Syrian Girls (Age 0-17) accessing PSS services (level 2 & 3),AzraqCamp,Girls,CARE,Camp    - ,Indirect appeal,UNHCR,Yes,136,# of benef,Campwide,North,Camp
5212,PROTECTION,28/02/2015,Community Empowered; Services to Vuln,REF24,# accessing PSS services (level 2 & 3),Host Community Girls (Age 0-17) accessing PSS services (level 2 & 3),AzraqCamp,Girls,CARE,Camp    - ,Indirect appeal,UNHCR,Yes,484,# of benef,Campwide,North,Host Community
5233,PROTECTION,28/02/2015,Community Empowered; Services to Vuln,REF24,# accessing PSS services (level 2 & 3),Urban/Rural Syrian Men (Age 18 and above) accessing PSS services (level 2 & 3),AzraqCamp,Men,CARE,Camp    - ,Indirect appeal,UNHCR,Yes,42,# of benef,Campwide,North,Urban
5268,PROTECTION,28/02/2015,Community Empowered; Services to Vuln,REF24,# accessing PSS services (level 2 & 3),Urban/Rural Syrian Women (Age 18 and above) accessing PSS services (level 2 & 3),AzraqCamp,Women,CARE,Camp    - ,Indirect appeal,UNHCR,Yes,432,# of benef,Campwide,North,Urban
5269,PROTECTION,28/02/2015,Community Empowered; Services to Vuln,REF24,# accessing PSS services (level 2 & 3),Camps Syrian Men (Age 18 and above) accessing PSS services (level 2 & 3),AzraqCamp,Men,CARE,Camp    - ,Indirect appeal,UNHCR,Yes,153,# of benef,Campwide,North,Camp
5285,PROTECTION,28/02/2015,Community Empowered; Services to Vuln,REF22,# participating in Youth Committees,Camps Syrian Women (Age 18 and above) participating in Youth Committees,AzraqCamp,Women,CARE,Camp    - ,Indirect appeal,UNHCR,Yes,15,# of benef,Campwide,North,Camp
5291,PROTECTION,28/02/2015,Community Empowered; Services to Vuln,REF24,# accessing PSS services (level 2 & 3),Camps Syrian Boys (Age 0-17) accessing PSS services (level 2 & 3),AzraqCamp,Boys,CARE,Camp    - ,Indirect appeal,UNHCR,Yes,152,# of benef,Campwide,North,Camp
5308,PROTECTION,28/02/2015,Community Empowered; Services to Vuln,REF21,# participating in information sessions or receiving information about services,Camps Syrian Women (Age 18 and above) participating in information sessions or receiving information about services,AzraqCamp,Women,CARE,Camp    - ,Indirect appeal,UNHCR,Yes,695,# of benef,Campwide,North,Camp
5310,PROTECTION,28/02/2015,Community Empowered; Services to Vuln,REF21,# participating in information sessions or receiving information about services,Camps Syrian Boys (Age 0-17) participating in information sessions or receiving information about services,AzraqCamp,Boys,CARE,Camp    - ,Indirect appeal,UNHCR,Yes,19,# of benef,Campwide,North,Camp
5326,PROTECTION,28/02/2015,Community Empowered; Services to Vuln,REF22,# participating in Youth Committees,Camps Syrian Men (Age 18 and above) participating in Youth Committees,AzraqCamp,Men,CARE,Camp    - ,Indirect appeal,UNHCR,Yes,54,# of benef,Campwide,North,Camp
5335,PROTECTION,30/01/2015,SGBV Prevention & Response,REF3,"# SGBV Survivors benefiting from timely safe, confidential and survivor centered case management and multisectoral services","Camps Syrian Boys (Age 0-17) SGBV Survivors benefiting from timely safe, confidential and survivor centered case management and multisectoral services",AzraqCamp,Boys,IMC,Camp    - ,Indirect appeal,UNHCR-UNICEF,Yes,6,# of benef,Campwide,North,Camp
5365,PROTECTION,28/02/2015,Child Protection,REF4,# in child labour provided with multi-sectoral services,Camps Syrian Boys (Age 0-17) # in child labour provided with multi-sectoral services,AzraqCamp,Boys,IMC,Camp    - ,Indirect appeal,UNHCR-UNICEF,Yes,4,# of benef,Campwide,North,Camp
5366,PROTECTION,30/01/2015,Child Protection,REF4,# of other child protection cases provided with multi-sectoral services,Camps Syrian Boys (Age 0-17) # of other child protection cases provided with multi-sectoral services,AzraqCamp,Boys,IMC,Camp    - ,Indirect appeal,UNHCR-UNICEF,Yes,14,# of benef,Campwide,North,Camp
5368,PROTECTION,30/01/2015,Child Protection,REF4,# of SC provided with multi-sectoral services,Camps Syrian Girls (Age 0-17) # of SC provided with multi-sectoral services,AzraqCamp,Girls,UNHCR,Camp    - ,Direct appeal,None - Fund direct from Donors,Yes,13,# of benef,Campwide,North,Camp
5372,PROTECTION,28/02/2015,Child Protection,REF4,# of UAC provided with multi-sectoral services,Camps Syrian Girls (Age 0-17) # of UAC provided with multi-sectoral services,AzraqCamp,Girls,UNHCR,Camp    - ,Direct appeal,None - Fund direct from Donors,Yes,9,# of benef,Campwide,North,Camp
5377,PROTECTION,28/02/2015,SGBV Prevention & Response,REF3,"# SGBV Survivors benefiting from timely safe, confidential and survivor centered case management and multisectoral services","Camps Syrian Girls (Age 0-17) SGBV Survivors benefiting from timely safe, confidential and survivor centered case management and multisectoral services",AzraqCamp,Girls,IMC,Camp    - ,Indirect appeal,UNHCR-UNICEF,Yes,18,# of benef,Campwide,North,Camp
5378,PROTECTION,30/01/2015,SGBV Prevention & Response,REF3,"# SGBV Survivors benefiting from timely safe, confidential and survivor centered case management and multisectoral services","Camps Syrian Girls (Age 0-17) SGBV Survivors benefiting from timely safe, confidential and survivor centered case management and multisectoral services",AzraqCamp,Girls,IMC,Camp    - ,Indirect appeal,UNHCR-UNICEF,Yes,9,# of benef,Campwide,North,Camp
5379,PROTECTION,28/02/2015,SGBV Prevention & Response,REF3,"# SGBV Survivors benefiting from timely safe, confidential and survivor centered case management and multisectoral services","Camps Syrian Boys (Age 0-17) SGBV Survivors benefiting from timely safe, confidential and survivor centered case management and multisectoral services",AzraqCamp,Boys,IMC,Camp    - ,Indirect appeal,UNHCR-UNICEF,Yes,2,# of benef,Campwide,North,Camp
5399,PROTECTION,28/02/2015,Community Empowered; Services to Vuln,REF21,# participating in information sessions or receiving information about services,Camps Syrian Boys (Age 0-17) participating in information sessions or receiving information about services,AzraqCamp,Boys,HI,Camp    - ,Direct appeal,None - Fund direct from Donors,Yes,59,# of benef,Campwide,North,Camp
5402,PROTECTION,28/02/2015,Community Empowered; Services to Vuln,REF21,# participating in information sessions or receiving information about services,Camps Syrian Girls (Age 0-17) participating in information sessions or receiving information about services,AzraqCamp,Girls,HI,Camp    - ,Direct appeal,None - Fund direct from Donors,Yes,60,# of benef,Campwide,North,Camp
5403,PROTECTION,30/01/2015,Community Empowered; Services to Vuln,REF21,# participating in information sessions or receiving information about services,Camps Syrian Boys (Age 0-17) participating in information sessions or receiving information about services,AzraqCamp,Boys,HI,Camp    - ,Direct appeal,None - Fund direct from Donors,Yes,25,# of benef,Campwide,North,Camp
5408,PROTECTION,28/02/2015,Child Protection,REF4,# of other child protection cases provided with multi-sectoral services,Camps Syrian Girls (Age 0-17) # of other child protection cases provided with multi-sectoral services,AzraqCamp,Girls,IMC,Camp    - ,Indirect appeal,UNHCR-UNICEF,Yes,24,# of benef,Campwide,North,Camp
5419,PROTECTION,30/01/2015,Refugee Rights Respected,REF1,# receiving birth certificates,Camps Syrian Boys (Age 0-17) receiving birth certificates,AzraqCamp,Boys,UNHCR,Camp    - ,Direct appeal,UNHCR,Yes,25,# of benef,Campwide,North,Camp
5420,PROTECTION,28/02/2015,Refugee Rights Respected,REF1,# receiving birth certificates,Camps Syrian Girls (Age 0-17) receiving birth certificates,AzraqCamp,Girls,UNHCR,Camp    - ,Direct appeal,UNHCR,Yes,12,# of benef,Campwide,North,Camp
5429,PROTECTION,30/01/2015,Community Empowered; Services to Vuln,REF24,# accessing PSS services (level 2 & 3),Camps Syrian Men (Age 18 and above) accessing PSS services (level 2 & 3),AzraqCamp,Men,Mercy Corps,Camp    - ,Indirect appeal,UNICEF,Yes,76,# of benef,Campwide,North,Camp
5465,PROTECTION,30/01/2015,Community Empowered; Services to Vuln,REF24,# accessing PSS services (level 2 & 3),Camps Syrian Boys (Age 0-17) accessing PSS services (level 2 & 3),AzraqCamp,Boys,Mercy Corps,Camp    - ,Indirect appeal,UNICEF,Yes,186,# of benef,Campwide,North,Camp
5466,PROTECTION,28/02/2015,Community Empowered; Services to Vuln,REF24,# accessing PSS services (level 2 & 3),Camps Syrian Girls (Age 0-17) accessing PSS services (level 2 & 3),AzraqCamp,Girls,Mercy Corps,Camp    - ,Indirect appeal,UNICEF,Yes,186,# of benef,Campwide,North,Camp
5467,PROTECTION,28/02/2015,Community Empowered; Services to Vuln,REF24,# accessing PSS services (level 2 & 3),Camps Syrian Women (Age 18 and above) accessing PSS services (level 2 & 3),AzraqCamp,Women,Mercy Corps,Camp    - ,Indirect appeal,UNICEF,Yes,116,# of benef,Campwide,North,Camp
5468,PROTECTION,30/01/2015,Community Empowered; Services to Vuln,REF24,# accessing PSS services (level 2 & 3),Camps Syrian Women (Age 18 and above) accessing PSS services (level 2 & 3),AzraqCamp,Women,Mercy Corps,Camp    - ,Indirect appeal,UNICEF,Yes,59,# of benef,Campwide,North,Camp
5470,PROTECTION,30/01/2015,Child Protection,REF4,# of UAC provided with multi-sectoral services,Camps Syrian Boys (Age 0-17) # of UAC provided with multi-sectoral services,AzraqCamp,Boys,IRC,Camp    - ,Indirect appeal,UNHCR-UNICEF,Yes,15,# of benef,Campwide,North,Camp
5490,PROTECTION,30/01/2015,Child Protection,REF4,# in child labour provided with multi-sectoral services,Camps Syrian Boys (Age 0-17) # in child labour provided with multi-sectoral services,AzraqCamp,Boys,IMC,Camp    - ,Indirect appeal,UNHCR-UNICEF,Yes,3,# of benef,Campwide,North,Camp
5492,PROTECTION,30/01/2015,Child Protection,REF4,# of SC provided with multi-sectoral services,Camps Syrian Boys (Age 0-17) # of SC provided with multi-sectoral services,AzraqCamp,Boys,UNHCR,Camp    - ,Direct appeal,None - Fund direct from Donors,Yes,10,# of benef,Campwide,North,Camp
5509,PROTECTION,30/01/2015,Child Protection,REF4,# of UAC provided with multi-sectoral services,Camps Syrian Girls (Age 0-17) # of UAC provided with multi-sectoral services,AzraqCamp,Girls,IRC,Camp    - ,Indirect appeal,UNHCR-UNICEF,Yes,3,# of benef,Campwide,North,Camp
5514,PROTECTION,28/02/2015,Community Empowered; Services to Vuln,REF21,# participating in information sessions or receiving information about services,Host Community Women (Age 18 and above) participating in information sessions or receiving information about services,AzraqCamp,Women,CARE,Camp    - ,Indirect appeal,UNHCR,Yes,5,# of benef,Campwide,North,Host Community
5531,PROTECTION,30/01/2015,Child Protection,REF4,# children with disabilities provided with multi-sectoral services,Camps Syrian Boys (Age 0-17) children with disabilities provided with multi-sectoral services,AzraqCamp,Boys,IMC,Camp    - ,Indirect appeal,UNHCR-UNICEF,Yes,3,# of benef,Campwide,North,Camp
5544,PROTECTION,28/02/2015,Refugee Rights Respected,REF1,# receiving birth certificates,Camps Syrian Boys (Age 0-17) receiving birth certificates,AzraqCamp,Boys,UNHCR,Camp    - ,Direct appeal,UNHCR,Yes,11,# of benef,Campwide,North,Camp
5583,PROTECTION,30/01/2015,Refugee Rights Respected,REF1,# receiving birth certificates,Camps Syrian Girls (Age 0-17) receiving birth certificates,AzraqCamp,Girls,UNHCR,Camp    - ,Direct appeal,UNHCR,Yes,20,# of benef,Campwide,North,Camp
5591,PROTECTION,30/01/2015,Community Empowered; Services to Vuln,REF21,# participating in information sessions or receiving information about services,Camps Syrian Girls (Age 0-17) participating in information sessions or receiving information about services,AzraqCamp,Girls,HI,Camp    - ,Direct appeal,None - Fund direct from Donors,Yes,27,# of benef,Campwide,North,Camp
5613,PROTECTION,28/02/2015,Child Protection,REF4,# experiencing violence in the home provided with multi-sectoral services,Camps Syrian Girls (Age 0-17) # experiencing violence in the home provided with multi-sectoral services,AzraqCamp,Girls,IMC,Camp    - ,Indirect appeal,UNHCR-UNICEF,Yes,40,# of benef,Campwide,North,Camp
5630,PROTECTION,28/02/2015,Community Empowered; Services to Vuln,REF21,# participating in information sessions or receiving information about services,Camps Syrian Men (Age 18 and above) participating in information sessions or receiving information about services,AzraqCamp,Men,HI,Camp    - ,Direct appeal,None - Fund direct from Donors,Yes,45,# of benef,Campwide,North,Camp
5651,PROTECTION,28/02/2015,Community Empowered; Services to Vuln,REF24,# accessing PSS services (level 2 & 3),Camps Syrian Boys (Age 0-17) accessing PSS services (level 2 & 3),AzraqCamp,Boys,IMC,Camp    - ,Indirect appeal,UNICEF,Yes,920,# of benef,Campwide,North,Camp
5652,PROTECTION,30/01/2015,Community Empowered; Services to Vuln,REF24,# accessing PSS services (level 2 & 3),Camps Syrian Boys (Age 0-17) accessing PSS services (level 2 & 3),AzraqCamp,Boys,IMC,Camp    - ,Indirect appeal,UNICEF,Yes,277,# of benef,Campwide,North,Camp
5653,PROTECTION,30/01/2015,Community Empowered; Services to Vuln,REF24,# accessing PSS services (level 2 & 3),Camps Syrian Girls (Age 0-17) accessing PSS services (level 2 & 3),AzraqCamp,Girls,IMC,Camp    - ,Indirect appeal,UNICEF,Yes,196,# of benef,Campwide,North,Camp
5654,PROTECTION,28/02/2015,Community Empowered; Services to Vuln,REF24,# accessing PSS services (level 2 & 3),Camps Syrian Girls (Age 0-17) accessing PSS services (level 2 & 3),AzraqCamp,Girls,IMC,Camp    - ,Indirect appeal,UNICEF,Yes,614,# of benef,Campwide,North,Camp
5695,PROTECTION,28/02/2015,Community Empowered; Services to Vuln,REF21,# participating in information sessions or receiving information about services,Camps Syrian Girls (Age 0-17) participating in information sessions or receiving information about services,AzraqCamp,Girls,CARE,Camp    - ,Indirect appeal,UNHCR,Yes,2,# of benef,Campwide,North,Camp
5719,PROTECTION,30/01/2015,Child Protection,REF4,# experiencing violence in the home provided with multi-sectoral services,Camps Syrian Boys (Age 0-17) # experiencing violence in the home provided with multi-sectoral services,AzraqCamp,Boys,IMC,Camp    - ,Indirect appeal,UNHCR-UNICEF,Yes,33,# of benef,Campwide,North,Camp
5721,PROTECTION,28/02/2015,Community Empowered; Services to Vuln,REF21,# participating in information sessions or receiving information about services,Camps Syrian Men (Age 18 and above) participating in information sessions or receiving information about services,AzraqCamp,Men,CARE,Camp    - ,Indirect appeal,UNHCR,Yes,2762,# of benef,Campwide,North,Camp
5730,PROTECTION,28/02/2015,Community Empowered; Services to Vuln,REF21,# participating in information sessions or receiving information about services,Camps Syrian Women (Age 18 and above) participating in information sessions or receiving information about services,AzraqCamp,Women,HI,Camp    - ,Direct appeal,None - Fund direct from Donors,Yes,41,# of benef,Campwide,North,Camp
5733,PROTECTION,28/02/2015,Community Empowered; Services to Vuln,REF21,# participating in information sessions or receiving information about services,Urban/Rural Syrian Women (Age 18 and above) participating in information sessions or receiving information about services,AzraqCamp,Women,CARE,Camp    - ,Indirect appeal,UNHCR,Yes,2,# of benef,Campwide,North,Urban
5736,PROTECTION,30/01/2015,Community Empowered; Services to Vuln,REF21,# participating in information sessions or receiving information about services,Camps Syrian Men (Age 18 and above) participating in information sessions or receiving information about services,AzraqCamp,Men,HI,Camp    - ,Direct appeal,None - Fund direct from Donors,Yes,19,# of benef,Campwide,North,Camp
5741,PROTECTION,30/01/2015,Community Empowered; Services to Vuln,REF21,# participating in information sessions or receiving information about services,Camps Syrian Women (Age 18 and above) participating in information sessions or receiving information about services,AzraqCamp,Women,HI,Camp    - ,Direct appeal,None - Fund direct from Donors,Yes,21,# of benef,Campwide,North,Camp
5751,PROTECTION,30/01/2015,SGBV Prevention & Response,REF3,"# SGBV Survivors benefiting from timely safe, confidential and survivor centered case management and multisectoral services","Camps Syrian Girls (Age 0-17) SGBV Survivors benefiting from timely safe, confidential and survivor centered case management and multisectoral services",AzraqCamp,Girls,UNHCR,Camp    - ,Direct appeal,None - Fund direct from Donors,Yes,22,# of benef,Campwide,,Camp
5754,PROTECTION,28/02/2015,SGBV Prevention & Response,REF3,"# SGBV Survivors benefiting from timely safe, confidential and survivor centered case management and multisectoral services","Camps Syrian Girls (Age 0-17) SGBV Survivors benefiting from timely safe, confidential and survivor centered case management and multisectoral services",AzraqCamp,Girls,UNHCR,Camp    - ,Direct appeal,None - Fund direct from Donors,Yes,18,# of benef,Campwide,,Camp
5755,PROTECTION,28/02/2015,SGBV Prevention & Response,REF3,"# SGBV Survivors benefiting from timely safe, confidential and survivor centered case management and multisectoral services","Camps Syrian Women (Age 18 and above) SGBV Survivors benefiting from timely safe, confidential and survivor centered case management and multisectoral services",AzraqCamp,Women,UNHCR,Camp    - ,Direct appeal,None - Fund direct from Donors,Yes,23,# of benef,Campwide,,Camp
5756,PROTECTION,28/02/2015,SGBV Prevention & Response,REF3,"# SGBV Survivors benefiting from timely safe, confidential and survivor centered case management and multisectoral services","Camps Syrian Men (Age 18 and above) SGBV Survivors benefiting from timely safe, confidential and survivor centered case management and multisectoral services",AzraqCamp,Men,UNHCR,Camp    - ,Direct appeal,None - Fund direct from Donors,Yes,1,# of benef,Campwide,,Camp
5757,PROTECTION,30/01/2015,SGBV Prevention & Response,REF3,"# SGBV Survivors benefiting from timely safe, confidential and survivor centered case management and multisectoral services","Camps Syrian Women (Age 18 and above) SGBV Survivors benefiting from timely safe, confidential and survivor centered case management and multisectoral services",AzraqCamp,Women,UNHCR,Camp    - ,Direct appeal,None - Fund direct from Donors,Yes,3,# of benef,Campwide,,Camp
5779,PROTECTION,30/01/2015,SGBV Prevention & Response,REF3,"# SGBV Survivors benefiting from timely safe, confidential and survivor centered case management and multisectoral services","Camps Syrian Boys (Age 0-17) SGBV Survivors benefiting from timely safe, confidential and survivor centered case management and multisectoral services",AzraqCamp,Boys,UNHCR,Camp    - ,Direct appeal,None - Fund direct from Donors,Yes,3,# of benef,Campwide,,Camp
5780,PROTECTION,28/02/2015,SGBV Prevention & Response,REF3,"# SGBV Survivors benefiting from timely safe, confidential and survivor centered case management and multisectoral services","Camps Syrian Boys (Age 0-17) SGBV Survivors benefiting from timely safe, confidential and survivor centered case management and multisectoral services",AzraqCamp,Boys,UNHCR,Camp    - ,Direct appeal,None - Fund direct from Donors,Yes,2,# of benef,Campwide,,Camp
5052,WASH,30/01/2015,Hygiene promotion,[REF3.1]Refugee Hygiene Promotion,#  reached through hygiene messages and demonstrate knowledge of key hygiene practices,Camps Syrian Boys (Age 0-17)reached through hygiene messages and demonstrate knowledge of key hygiene practices,AzraqCamp,Boys,RI,Camp    - ,Direct appeal,UNICEF,Yes,140,# of benef,Campwide,North,Camp
5058,WASH,27/02/2015,Hygiene promotion,[REF3.1]Refugee Hygiene Promotion,#  reached through hygiene messages and demonstrate knowledge of key hygiene practices,Camps Syrian Boys (Age 0-17)reached through hygiene messages and demonstrate knowledge of key hygiene practices,AzraqCamp,Boys,RI,Camp    - ,Direct appeal,UNICEF,Yes,2705,# of benef,Campwide,North,Camp
5147,WASH,30/01/2015,Hygiene promotion,[REF3.1]Refugee Hygiene Promotion,#  reached through hygiene messages and demonstrate knowledge of key hygiene practices,Camps Syrian Women (Age 18 and above)reached through hygiene messages and demonstrate knowledge of key hygiene practices,AzraqCamp,Women,RI,Camp    - ,Direct appeal,UNICEF,Yes,111,# of benef,Campwide,North,Camp
5173,WASH,30/01/2015,Hygiene promotion,[REF3.1]Refugee Hygiene Promotion,#  reached through hygiene messages and demonstrate knowledge of key hygiene practices,Camps Syrian Men (Age 18 and above)reached through hygiene messages and demonstrate knowledge of key hygiene practices,AzraqCamp,Men,RI,Camp    - ,Direct appeal,UNICEF,Yes,90,# of benef,Campwide,North,Camp
5286,WASH,27/02/2015,Hygiene promotion,[REF3.1]Refugee Hygiene Promotion,#  reached through hygiene messages and demonstrate knowledge of key hygiene practices,Camps Syrian Men (Age 18 and above)reached through hygiene messages and demonstrate knowledge of key hygiene practices,AzraqCamp,Men,RI,Camp    - ,Direct appeal,UNICEF,Yes,1786,# of benef,Campwide,North,Camp
5287,WASH,30/01/2015,Hygiene promotion,[REF3.1]Refugee Hygiene Promotion,#  reached through hygiene messages and demonstrate knowledge of key hygiene practices,Camps Syrian Girls (Age 0-17)reached through hygiene messages and demonstrate knowledge of key hygiene practices,AzraqCamp,Girls,RI,Camp    - ,Direct appeal,UNICEF,Yes,124,# of benef,Campwide,North,Camp
5614,WASH,27/02/2015,Hygiene promotion,[REF3.1]Refugee Hygiene Promotion,#  reached through hygiene messages and demonstrate knowledge of key hygiene practices,Camps Syrian Women (Age 18 and above)reached through hygiene messages and demonstrate knowledge of key hygiene practices,AzraqCamp,Women,RI,Camp    - ,Direct appeal,UNICEF,Yes,2189,# of benef,Campwide,North,Camp
5711,WASH,27/02/2015,Hygiene promotion,[REF3.1]Refugee Hygiene Promotion,#  reached through hygiene messages and demonstrate knowledge of key hygiene practices,Camps Syrian Girls (Age 0-17)reached through hygiene messages and demonstrate knowledge of key hygiene practices,AzraqCamp,Girls,RI,Camp    - ,Direct appeal,UNICEF,Yes,2599,# of benef,Campwide,North,Camp
5711,WASH,27/02/2015,Hygiene promotion,[REF3.1]Refugee Hygiene Promotion,,Camps Syrian Girls (Age 0-17)reached through hygiene messages and demonstrate knowledge of key hygiene practices,AzraqCamp,Girls,RI,Camp    - ,Direct appeal,UNICEF,Yes,0,# of benef,Village 5,North,Camp
5711,WASH,27/02/2015,Hygiene promotion,[REF3.1]Refugee Hygiene Promotion,,Camps Syrian Girls (Age 0-17)reached through hygiene messages and demonstrate knowledge of key hygiene practices,AzraqCamp,Girls,RI,Camp    - ,Direct appeal,UNICEF,Yes,0,# of benef,Village 1,North,Camp
