"","sector","StartDate","Category","activity","Indicator","Governorate","Gender","Partner","SiteType","appeal","Fundedby","allocation","rcode","gcode","Value","Units","location","region","poptype"
"42","EDUCATION","01/01/2015","Access to Inclusive Education","[REF1.3]Non-Cert. Informal/Basic Skills","Host Community Boys (Age 0-17) benefiting from basic learning (literacy and numeracy)","AJLOUN","","ICCS","   Urban areas - ","Indirect appeal","UNICEF","Yes","1","1701",5,"# of benef","Liwa Qasabat Ajlun","North",""
"48","EDUCATION","01/01/2015","Access to Inclusive Education","[REF1.1]Formal Educ Prim/Secondary","Host Community Boys (Age 0-17) who benefit from remedial classes","AJLOUN","","ICCS","   Urban areas - ","Indirect appeal","UNICEF","Yes","1","1701",13,"# of benef","Liwa Qasabat Ajlun","North",""
"56","EDUCATION","01/01/2015","Access to Inclusive Education","[REF1.3]Non-Cert. Informal/Basic Skills","Urban/Rural Syrian Boys (Age 0-17) benefiting from basic learning (literacy and numeracy)","AJLOUN","","ICCS","   Urban areas - ","Indirect appeal","UNICEF","Yes","1","1701",27,"# of benef","Liwa Qasabat Ajlun","North",""
"59","EDUCATION","01/01/2015","Access to Inclusive Education","[REF1.2]Cert. Alt/Non-Formal Education","Urban/Rural Syrian Boys (Age 0-17) benefiting from alternative education service such as non-formal education","AJLOUN","","UPP","   Urban areas - ","Indirect appeal","UNICEF","Yes","1","1701",59,"# of benef","Ajlun City","North",""
"61","EDUCATION","01/01/2015","Access to Inclusive Education","[REF1.1]Formal Educ Prim/Secondary","Urban/Rural Syrian Girls (Age 0-17) who benefit from remedial classes","AJLOUN","","ICCS","   Urban areas - ","Indirect appeal","UNICEF","Yes","1","1701",93,"# of benef","Liwa Qasabat Ajlun","North",""
"64","EDUCATION","01/01/2015","Access to Inclusive Education","[REF1.3]Non-Cert. Informal/Basic Skills","Host Community Girls (Age 0-17) benefiting from basic learning (literacy and numeracy)","AJLOUN","","ICCS","   Urban areas - ","Indirect appeal","UNICEF","Yes","1","1701",16,"# of benef","Liwa Qasabat Ajlun","North",""
"66","EDUCATION","01/01/2015","Access to Inclusive Education","[REF1.3]Non-Cert. Informal/Basic Skills","Urban/Rural Syrian Girls (Age 0-17) benefiting from basic learning (literacy and numeracy)","AJLOUN","","ICCS","   Urban areas - ","Indirect appeal","UNICEF","Yes","1","1701",70,"# of benef","Liwa Qasabat Ajlun","North",""
"71","EDUCATION","01/01/2015","Access to Inclusive Education","[REF1.2]Cert. Alt/Non-Formal Education","Urban/Rural Syrian Girls (Age 0-17) benefiting from alternative education service such as non-formal education","AJLOUN","","UPP","   Urban areas - ","Indirect appeal","UNICEF","Yes","1","1701",126,"# of benef","Ajlun City","North",""
"73","EDUCATION","01/01/2015","Access to Inclusive Education","[REF1.1]Formal Educ Prim/Secondary","Urban/Rural Syrian Boys (Age 0-17) who benefit from remedial classes","AJLOUN","","ICCS","   Urban areas - ","Indirect appeal","UNICEF","Yes","1","1701",8,"# of benef","Liwa Qasabat Ajlun","North",""
"76","EDUCATION","01/01/2015","Access to Inclusive Education","[REF1.1]Formal Educ Prim/Secondary","Host Community Girls (Age 0-17) who benefit from remedial classes","AJLOUN","","ICCS","   Urban areas - ","Indirect appeal","UNICEF","Yes","1","1701",165,"# of benef","Liwa Qasabat Ajlun","North",""
"81","EDUCATION","01/01/2015","Access to Inclusive Education","[REF1.3]Non-Cert. Informal/Basic Skills","Urban/Rural Syrian Girls (Age 0-17) benefiting from basic learning (literacy and numeracy)","BALQA","","ICCS","   Urban areas - ","Indirect appeal","UNICEF","Yes","2","1702",10,"# of benef","As Salt City","Center",""
"82","EDUCATION","01/01/2015","Access to Inclusive Education","[REF1.3]Non-Cert. Informal/Basic Skills","Urban/Rural Syrian Girls (Age 0-17) benefiting from life skills activities","BALQA","","ICCS","   Urban areas - ","Indirect appeal","UNICEF","Yes","2","1702",8,"# of benef","As Salt City","Center",""
"85","EDUCATION","01/01/2015","Access to Inclusive Education","[REF1.1]Formal Educ Prim/Secondary","Host Community Girls (Age 0-17) who benefit from remedial classes","BALQA","","ICCS","   Urban areas - ","Indirect appeal","UNICEF","Yes","2","1702",130,"# of benef","Liwa Dayr Alla","Center",""
"87","EDUCATION","01/01/2015","Access to Inclusive Education","[REF1.3]Non-Cert. Informal/Basic Skills","Urban/Rural Syrian Boys (Age 0-17) benefiting from basic learning (literacy and numeracy)","BALQA","","ICCS","   Urban areas - ","Indirect appeal","UNICEF","Yes","2","1702",20,"# of benef","As Salt City","Center",""
"90","EDUCATION","01/01/2015","Access to Inclusive Education","[REF1.3]Non-Cert. Informal/Basic Skills","Urban/Rural Syrian Boys (Age 0-17) benefiting from life skills activities","BALQA","","ICCS","   Urban areas - ","Indirect appeal","UNICEF","Yes","2","1702",6,"# of benef","As Salt City","Center",""
"95","EDUCATION","01/01/2015","Access to Inclusive Education","[REF1.3]Non-Cert. Informal/Basic Skills","Urban/Rural Syrian Boys (Age 0-17) benefiting from life skills activities","BALQA","","ICCS","   Urban areas - ","Indirect appeal","UNICEF","Yes","2","1702",1,"# of benef","Liwa ash Shunah al Janubiyah","Center",""
"103","EDUCATION","01/01/2015","Access to Inclusive Education","[REF1.2]Cert. Alt/Non-Formal Education","Urban/Rural Syrian Girls (Age 0-17) benefiting from alternative education service such as non-formal education","BALQA","","UPP","   Urban areas - ","Indirect appeal","UNICEF","Yes","2","1702",801,"# of benef","As Salt City","Center",""
"105","EDUCATION","01/01/2015","Access to Inclusive Education","[REF1.3]Non-Cert. Informal/Basic Skills","Urban/Rural Syrian Girls (Age 0-17) benefiting from life skills activities","BALQA","","ICCS","   Urban areas - ","Indirect appeal","UNICEF","Yes","2","1702",3,"# of benef","Liwa ash Shunah al Janubiyah","Center",""
"106","EDUCATION","01/01/2015","Access to Inclusive Education","[REF1.3]Non-Cert. Informal/Basic Skills","Host Community Girls (Age 0-17) benefiting from life skills activities","BALQA","","ICCS","   Urban areas - ","Indirect appeal","UNICEF","Yes","2","1702",22,"# of benef","Liwa ash Shunah al Janubiyah","Center",""
"109","EDUCATION","01/01/2015","Access to Inclusive Education","[REF1.1]Formal Educ Prim/Secondary","Urban/Rural Syrian Girls (Age 0-17) who benefit from remedial classes","BALQA","","ICCS","   Urban areas - ","Indirect appeal","UNICEF","Yes","2","1702",17,"# of benef","Liwa Qasabat As Salt","Center",""
"111","EDUCATION","01/01/2015","Access to Inclusive Education","[REF1.1]Formal Educ Prim/Secondary","Urban/Rural Syrian Boys (Age 0-17) who benefit from remedial classes","BALQA","","ICCS","   Urban areas - ","Indirect appeal","UNICEF","Yes","2","1702",3,"# of benef","Liwa ash Shunah al Janubiyah","Center",""
"115","EDUCATION","01/01/2015","Access to Inclusive Education","[REF1.3]Non-Cert. Informal/Basic Skills","Host Community Boys (Age 0-17) benefiting from life skills activities","BALQA","","ICCS","   Urban areas - ","Indirect appeal","UNICEF","Yes","2","1702",7,"# of benef","Liwa ash Shunah al Janubiyah","Center",""
"118","EDUCATION","01/01/2015","Access to Inclusive Education","[REF1.1]Formal Educ Prim/Secondary","Urban/Rural Syrian Boys (Age 0-17) who benefit from remedial classes","BALQA","","ICCS","   Urban areas - ","Indirect appeal","UNICEF","Yes","2","1702",25,"# of benef","Liwa Qasabat As Salt","Center",""
"119","EDUCATION","01/01/2015","Access to Inclusive Education","[REF1.1]Formal Educ Prim/Secondary","Urban/Rural Syrian Girls (Age 0-17) who benefit from remedial classes","BALQA","","ICCS","   Urban areas - ","Indirect appeal","UNICEF","Yes","2","1702",25,"# of benef","Liwa ash Shunah al Janubiyah","Center",""
"124","EDUCATION","01/01/2015","Access to Inclusive Education","[REF1.1]Formal Educ Prim/Secondary","Host Community Girls (Age 0-17) who benefit from remedial classes","BALQA","","ICCS","   Urban areas - ","Indirect appeal","UNICEF","Yes","2","1702",229,"# of benef","Liwa ash Shunah al Janubiyah","Center",""
"125","EDUCATION","01/01/2015","Access to Inclusive Education","[REF1.1]Formal Educ Prim/Secondary","Host Community Boys (Age 0-17) who benefit from remedial classes","BALQA","","ICCS","   Urban areas - ","Indirect appeal","UNICEF","Yes","2","1702",88,"# of benef","Liwa ash Shunah al Janubiyah","Center",""
"130","EDUCATION","01/01/2015","Access to Inclusive Education","[REF1.1]Formal Educ Prim/Secondary","Urban/Rural Syrian Boys (Age 0-17) who benefit from remedial classes","BALQA","","ICCS","   Urban areas - ","Indirect appeal","UNICEF","Yes","2","1702",85,"# of benef","Liwa Dayr Alla","Center",""
"131","EDUCATION","01/01/2015","Access to Inclusive Education","[REF1.1]Formal Educ Prim/Secondary","Host Community Boys (Age 0-17) who benefit from remedial classes","BALQA","","ICCS","   Urban areas - ","Indirect appeal","UNICEF","Yes","2","1702",99,"# of benef","Liwa Dayr Alla","Center",""
"136","EDUCATION","01/01/2015","Access to Inclusive Education","[REF1.1]Formal Educ Prim/Secondary","Urban/Rural Syrian Girls (Age 0-17) who benefit from remedial classes","BALQA","","ICCS","   Urban areas - ","Indirect appeal","UNICEF","Yes","2","1702",106,"# of benef","Liwa Dayr Alla","Center",""
"141","EDUCATION","01/01/2015","Access to Inclusive Education","[REF1.2]Cert. Alt/Non-Formal Education","Urban/Rural Syrian Boys (Age 0-17) benefiting from alternative education service such as non-formal education","BALQA","","UPP","   Urban areas - ","Indirect appeal","UNICEF","Yes","2","1702",588,"# of benef","As Salt City","Center",""
"144","EDUCATION","01/01/2015","Access to Inclusive Education","[REF1.1]Formal Educ Prim/Secondary","Host Community Girls (Age 0-17) who benefit from remedial classes","AMMAN","","ICCS","   Urban areas - ","Indirect appeal","UNICEF","Yes","2","1705",30,"# of benef","Liwa al Jamiah","Center",""
"145","EDUCATION","01/01/2015","Access to Inclusive Education","[REF1.3]Non-Cert. Informal/Basic Skills","Host Community Boys (Age 0-17) benefiting from basic learning (literacy and numeracy)","AMMAN","","SCI","   Urban areas - ","Direct appeal","None - Fund direct from Donors","Yes","2","1705",40,"# of benef","Amman Governorate","Center",""
"146","EDUCATION","01/01/2015","Access to Inclusive Education","[REF1.1]Formal Educ Prim/Secondary","Urban/Rural Syrian Boys (Age 0-17) who benefit from remedial classes","AMMAN","","ICCS","   Urban areas - ","Indirect appeal","UNICEF","Yes","2","1705",177,"# of benef","Liwa Marka","Center",""
"147","EDUCATION","01/01/2015","Access to Inclusive Education","[REF1.1]Formal Educ Prim/Secondary","Urban/Rural Syrian Girls (Age 0-17) who benefit from remedial classes","AMMAN","","ICCS","   Urban areas - ","Indirect appeal","UNICEF","Yes","2","1705",204,"# of benef","Liwa Marka","Center",""
"151","EDUCATION","01/01/2015","Access to Inclusive Education","[REF1.1]Formal Educ Prim/Secondary","Host Community Girls (Age 0-17) who benefit from remedial classes","AMMAN","","ICCS","   Urban areas - ","Indirect appeal","UNICEF","Yes","2","1705",168,"# of benef","Liwa Marka","Center",""
"161","EDUCATION","01/01/2015","Access to Inclusive Education","[REF1.1]Formal Educ Prim/Secondary","Urban/Rural Syrian Boys (Age 0-17) who benefit from remedial classes","AMMAN","","ICCS","   Urban areas - ","Indirect appeal","UNICEF","Yes","2","1705",46,"# of benef","Liwa al Jamiah","Center",""
"163","EDUCATION","01/01/2015","Access to Inclusive Education","[REF1.1]Formal Educ Prim/Secondary","Host Community Boys (Age 0-17) who benefit from remedial classes","AMMAN","","ICCS","   Urban areas - ","Indirect appeal","UNICEF","Yes","2","1705",120,"# of benef","Liwa Marka","Center",""
"189","EDUCATION","01/01/2015","Access to Inclusive Education","[REF1.3]Non-Cert. Informal/Basic Skills","Host Community Boys (Age 0-17) benefiting from basic learning (literacy and numeracy)","AMMAN","","ICCS","   Urban areas - ","Indirect appeal","UNICEF","Yes","2","1705",5,"# of benef","Liwa Marka","Center",""
"191","EDUCATION","01/01/2015","Access to Inclusive Education","[REF1.3]Non-Cert. Informal/Basic Skills","Urban/Rural Syrian Boys (Age 0-17) benefiting from basic learning (literacy and numeracy)","AMMAN","","ICCS","   Urban areas - ","Indirect appeal","UNICEF","Yes","2","1705",41,"# of benef","Liwa al Jamiah","Center",""
"200","EDUCATION","01/01/2015","Access to Inclusive Education","[REF1.3]Non-Cert. Informal/Basic Skills","Camps Syrian Boys (Age 0-17) benefiting from basic learning (literacy and numeracy)","AMMAN","","SCI","   Urban areas - ","Direct appeal","None - Fund direct from Donors","Yes","2","1705",347,"# of benef","Amman Governorate","Center",""
"208","EDUCATION","01/01/2015","Access to Inclusive Education","[REF1.2]Cert. Alt/Non-Formal Education","Urban/Rural Syrian Girls (Age 0-17) benefiting from alternative education service such as non-formal education","AMMAN","","UPP","   Urban areas - ","Indirect appeal","UNICEF","Yes","2","1705",338,"# of benef","Liwa Qasabat Amman","Center",""
"212","EDUCATION","01/01/2015","Access to Inclusive Education","[REF1.1]Formal Educ Prim/Secondary","Host Community Boys (Age 0-17) who benefit from remedial classes","AMMAN","","ICCS","   Urban areas - ","Indirect appeal","UNICEF","Yes","2","1705",43,"# of benef","Liwa al Jamiah","Center",""
"215","EDUCATION","01/01/2015","Access to Inclusive Education","[REF1.3]Non-Cert. Informal/Basic Skills","Urban/Rural Syrian Girls (Age 0-17) benefiting from basic learning (literacy and numeracy)","AMMAN","","ICCS","   Urban areas - ","Indirect appeal","UNICEF","Yes","2","1705",25,"# of benef","Liwa Marka","Center",""
"220","EDUCATION","01/01/2015","Access to Inclusive Education","[REF1.2]Cert. Alt/Non-Formal Education","Urban/Rural Syrian Boys (Age 0-17) benefiting from alternative education service such as non-formal education","AMMAN","","UPP","   Urban areas - ","Indirect appeal","UNICEF","Yes","2","1705",139,"# of benef","Liwa Qasabat Amman","Center",""
"237","EDUCATION","01/01/2015","Access to Inclusive Education","[REF1.3]Non-Cert. Informal/Basic Skills","Urban/Rural Syrian Boys (Age 0-17) benefiting from life skills activities","AMMAN","","ICCS","   Urban areas - ","Indirect appeal","UNICEF","Yes","2","1705",8,"# of benef","Liwa Al Quaysmh","Center",""
"240","EDUCATION","01/01/2015","Access to Inclusive Education","[REF1.3]Non-Cert. Informal/Basic Skills","Urban/Rural Syrian Girls (Age 0-17) benefiting from basic learning (literacy and numeracy)","AMMAN","","ICCS","   Urban areas - ","Indirect appeal","UNICEF","Yes","2","1705",19,"# of benef","Liwa al Jamiah","Center",""
"241","EDUCATION","01/01/2015","Access to Inclusive Education","[REF1.3]Non-Cert. Informal/Basic Skills","Urban/Rural Syrian Boys (Age 0-17) benefiting from basic learning (literacy and numeracy)","AMMAN","","ICCS","   Urban areas - ","Indirect appeal","UNICEF","Yes","2","1705",18,"# of benef","Liwa Marka","Center",""
"261","EDUCATION","01/01/2015","Access to Inclusive Education","[REF1.3]Non-Cert. Informal/Basic Skills","Urban/Rural Syrian Girls (Age 0-17) benefiting from life skills activities","AMMAN","","ICCS","   Urban areas - ","Indirect appeal","UNICEF","Yes","2","1705",23,"# of benef","Liwa Al Quaysmh","Center",""
"270","EDUCATION","01/01/2015","Access to Inclusive Education","[REF1.1]Formal Educ Prim/Secondary","Urban/Rural Syrian Girls (Age 0-17) who benefit from remedial classes","AMMAN","","ICCS","   Urban areas - ","Indirect appeal","UNICEF","Yes","2","1705",100,"# of benef","Liwa Naur","Center",""
"271","EDUCATION","01/01/2015","Access to Inclusive Education","[REF1.3]Non-Cert. Informal/Basic Skills","Urban/Rural Syrian Girls (Age 0-17) benefiting from life skills activities","AMMAN","","ICCS","   Urban areas - ","Indirect appeal","UNICEF","Yes","2","1705",10,"# of benef","Liwa Marka","Center",""
"278","EDUCATION","01/01/2015","Access to Inclusive Education","[REF1.3]Non-Cert. Informal/Basic Skills","Urban/Rural Syrian Boys (Age 0-17) benefiting from basic learning (literacy and numeracy)","AMMAN","","ICCS","   Urban areas - ","Indirect appeal","UNICEF","Yes","2","1705",26,"# of benef","Liwa Al Quaysmh","Center",""
"279","EDUCATION","01/01/2015","Access to Inclusive Education","[REF1.3]Non-Cert. Informal/Basic Skills","Host Community Girls (Age 0-17) benefiting from life skills activities","AMMAN","","ICCS","   Urban areas - ","Indirect appeal","UNICEF","Yes","2","1705",36,"# of benef","Liwa Al Quaysmh","Center",""
"280","EDUCATION","01/01/2015","Access to Inclusive Education","[REF1.3]Non-Cert. Informal/Basic Skills","Urban/Rural Syrian Girls (Age 0-17) benefiting from basic learning (literacy and numeracy)","AMMAN","","ICCS","   Urban areas - ","Indirect appeal","UNICEF","Yes","2","1705",29,"# of benef","Liwa Al Quaysmh","Center",""
"281","EDUCATION","01/01/2015","Access to Inclusive Education","[REF1.3]Non-Cert. Informal/Basic Skills","Host Community Boys (Age 0-17) benefiting from life skills activities","AMMAN","","SCI","   Urban areas - ","Direct appeal","None - Fund direct from Donors","Yes","2","1705",464,"# of benef","Amman Governorate","Center",""
"298","EDUCATION","01/01/2015","Access to Inclusive Education","[REF1.3]Non-Cert. Informal/Basic Skills","Host Community Girls (Age 0-17) benefiting from life skills activities","AMMAN","","SCI","   Urban areas - ","Direct appeal","None - Fund direct from Donors","Yes","2","1705",381,"# of benef","Amman Governorate","Center",""
"299","EDUCATION","01/01/2015","Access to Inclusive Education","[REF1.3]Non-Cert. Informal/Basic Skills","Host Community Girls (Age 0-17) benefiting from basic learning (literacy and numeracy)","AMMAN","","SCI","   Urban areas - ","Direct appeal","None - Fund direct from Donors","Yes","2","1705",66,"# of benef","Amman Governorate","Center",""
"302","EDUCATION","01/01/2015","Access to Inclusive Education","[REF1.3]Non-Cert. Informal/Basic Skills","Host Community Girls (Age 0-17) benefiting from basic learning (literacy and numeracy)","AMMAN","","ICCS","   Urban areas - ","Indirect appeal","UNICEF","Yes","2","1705",10,"# of benef","Liwa Marka","Center",""
"304","EDUCATION","01/01/2015","Access to Inclusive Education","[REF1.3]Non-Cert. Informal/Basic Skills","Host Community Boys (Age 0-17) benefiting from basic learning (literacy and numeracy)","AMMAN","","ICCS","   Urban areas - ","Indirect appeal","UNICEF","Yes","2","1705",24,"# of benef","Liwa Al Quaysmh","Center",""
"316","EDUCATION","01/01/2015","Access to Inclusive Education","[REF1.3]Non-Cert. Informal/Basic Skills","Host Community Boys (Age 0-17) benefiting from life skills activities","AMMAN","","ICCS","   Urban areas - ","Indirect appeal","UNICEF","Yes","2","1705",3,"# of benef","Liwa Al Quaysmh","Center",""
"317","EDUCATION","01/01/2015","Access to Inclusive Education","[REF1.3]Non-Cert. Informal/Basic Skills","Host Community Girls (Age 0-17) benefiting from life skills activities","AMMAN","","ICCS","   Urban areas - ","Indirect appeal","UNICEF","Yes","2","1705",18,"# of benef","Liwa Marka","Center",""
"320","EDUCATION","01/01/2015","Access to Inclusive Education","[REF1.1]Formal Educ Prim/Secondary","Urban/Rural Syrian Girls (Age 0-17) who benefit from remedial classes","AMMAN","","ICCS","   Urban areas - ","Indirect appeal","UNICEF","Yes","2","1705",43,"# of benef","Liwa al Jamiah","Center",""
"322","EDUCATION","01/01/2015","Access to Inclusive Education","[REF1.1]Formal Educ Prim/Secondary","Host Community Girls (Age 0-17) who benefit from remedial classes","AMMAN","","ICCS","   Urban areas - ","Indirect appeal","UNICEF","Yes","2","1705",212,"# of benef","Liwa Al Quaysmh","Center",""
"333","EDUCATION","01/01/2015","Access to Inclusive Education","[REF1.3]Non-Cert. Informal/Basic Skills","Host Community Girls (Age 0-17) benefiting from basic learning (literacy and numeracy)","AMMAN","","ICCS","   Urban areas - ","Indirect appeal","UNICEF","Yes","2","1705",18,"# of benef","Liwa Al Quaysmh","Center",""
"335","EDUCATION","01/01/2015","Access to Inclusive Education","[REF1.1]Formal Educ Prim/Secondary","Urban/Rural Syrian Boys (Age 0-17) who benefit from remedial classes","AMMAN","","ICCS","   Urban areas - ","Indirect appeal","UNICEF","Yes","2","1705",243,"# of benef","Liwa Al Quaysmh","Center",""
"337","EDUCATION","01/01/2015","Access to Inclusive Education","[REF1.1]Formal Educ Prim/Secondary","Urban/Rural Syrian Boys (Age 0-17) who benefit from remedial classes","AMMAN","","ICCS","   Urban areas - ","Indirect appeal","UNICEF","Yes","2","1705",104,"# of benef","Liwa Naur","Center",""
"338","EDUCATION","01/01/2015","Access to Inclusive Education","[REF1.1]Formal Educ Prim/Secondary","Urban/Rural Syrian Girls (Age 0-17) who benefit from remedial classes","AMMAN","","ICCS","   Urban areas - ","Indirect appeal","UNICEF","Yes","2","1705",273,"# of benef","Liwa Al Quaysmh","Center",""
"341","EDUCATION","01/01/2015","Access to Inclusive Education","[REF1.1]Formal Educ Prim/Secondary","Host Community Boys (Age 0-17) who benefit from remedial classes","AMMAN","","ICCS","   Urban areas - ","Indirect appeal","UNICEF","Yes","2","1705",188,"# of benef","Liwa Al Quaysmh","Center",""
"365","EDUCATION","01/01/2015","Access to Inclusive Education","[REF1.3]Non-Cert. Informal/Basic Skills","Urban/Rural Syrian Girls (Age 0-17) benefiting from life skills activities","IRBID","","ICCS","   Urban areas - ","Indirect appeal","UNICEF","Yes","1","1707",110,"# of benef","Liwa al Aghwar ash Shamaliyah","North",""
"366","EDUCATION","01/01/2015","Access to Inclusive Education","[REF1.3]Non-Cert. Informal/Basic Skills","Urban/Rural Syrian Boys (Age 0-17) benefiting from life skills activities","IRBID","","ICCS","   Urban areas - ","Indirect appeal","UNICEF","Yes","1","1707",80,"# of benef","Liwa al Aghwar ash Shamaliyah","North",""
"367","EDUCATION","01/01/2015","Access to Inclusive Education","[REF1.3]Non-Cert. Informal/Basic Skills","Host Community Girls (Age 0-17) benefiting from life skills activities","IRBID","","ICCS","   Urban areas - ","Indirect appeal","UNICEF","Yes","1","1707",95,"# of benef","Liwa al Aghwar ash Shamaliyah","North",""
"387","EDUCATION","01/01/2015","Quality/Protective Learning Environs.","[REF2.1] PSS activities","Camps Syrian Boys (Age 0-17) benefitting from extra-curricular activities, recreation activities and sports that contribute to psychosocial well-being","IRBID","","FCA","Camp    - ","Direct appeal","None - Fund direct from Donors","Yes","1","1707",27,"# of benef","King Abdullah Park Refugee Center","North",""
"399","EDUCATION","01/01/2015","Quality/Protective Learning Environs.","[REF2.1] PSS activities","Camps Syrian Girls (Age 0-17) benefitting from extra-curricular activities, recreation activities and sports that contribute to psychosocial well-being","IRBID","","FCA","Camp    - ","Direct appeal","None - Fund direct from Donors","Yes","1","1707",17,"# of benef","King Abdullah Park Refugee Center","North",""
"405","EDUCATION","01/01/2015","Access to Inclusive Education","[REF1.3]Non-Cert. Informal/Basic Skills","Host Community Boys (Age 0-17) benefiting from basic learning (literacy and numeracy)","IRBID","","ICCS","   Urban areas - ","Indirect appeal","UNICEF","Yes","1","1707",2,"# of benef","Liwa Qasabah Irbid Aydoun","North",""
"406","EDUCATION","01/01/2015","Access to Inclusive Education","[REF1.3]Non-Cert. Informal/Basic Skills","Host Community Girls (Age 0-17) benefiting from basic learning (literacy and numeracy)","IRBID","","ICCS","   Urban areas - ","Indirect appeal","UNICEF","Yes","1","1707",2,"# of benef","Liwa Qasabah Irbid Aydoun","North",""
"407","EDUCATION","01/01/2015","Access to Inclusive Education","[REF1.3]Non-Cert. Informal/Basic Skills","Urban/Rural Syrian Boys (Age 0-17) benefiting from basic learning (literacy and numeracy)","IRBID","","ICCS","   Urban areas - ","Indirect appeal","UNICEF","Yes","1","1707",165,"# of benef","Liwa Qasabah Irbid Aydoun","North",""
"415","EDUCATION","01/01/2015","Access to Inclusive Education","[REF1.3]Non-Cert. Informal/Basic Skills","Camps Syrian Boys (Age 0-17) benefiting from basic learning (literacy and numeracy)","IRBID","","FCA","Camp    - ","Direct appeal","None - Fund direct from Donors","Yes","1","1707",40,"# of benef","King Abdullah Park Refugee Center","North",""
"416","EDUCATION","01/01/2015","Access to Inclusive Education","[REF1.3]Non-Cert. Informal/Basic Skills","Camps Syrian Girls (Age 0-17) benefiting from basic learning (literacy and numeracy)","IRBID","","FCA","Camp    - ","Direct appeal","None - Fund direct from Donors","Yes","1","1707",25,"# of benef","King Abdullah Park Refugee Center","North",""
"432","EDUCATION","01/01/2015","Quality/Protective Learning Environs.","[REF2.2]Training Edc. Service Providers","# of teachers, school supervisors, counsellors and other educational personnel trained","IRBID","","KnK","   Urban areas - ","Direct appeal","None - Fund direct from Donors","Yes","1","1707",28,"# of staff","Irbid City","North",""
"456","EDUCATION","01/01/2015","Access to Inclusive Education","[REF1.3]Non-Cert. Informal/Basic Skills","Urban/Rural Syrian Girls (Age 0-17) benefiting from life skills activities","IRBID","","ICCS","   Urban areas - ","Indirect appeal","UNICEF","Yes","1","1707",100,"# of benef","Liwa Bani Kinanah","North",""
"469","EDUCATION","01/01/2015","Access to Inclusive Education","[REF1.3]Non-Cert. Informal/Basic Skills","Host Community Boys (Age 0-17) benefiting from life skills activities","IRBID","","ICCS","   Urban areas - ","Indirect appeal","UNICEF","Yes","1","1707",72,"# of benef","Liwa al Aghwar ash Shamaliyah","North",""
"486","EDUCATION","01/01/2015","Access to Inclusive Education","[REF1.3]Non-Cert. Informal/Basic Skills","Host Community Boys (Age 0-17) benefiting from basic learning (literacy and numeracy)","IRBID","","SCI","   Urban areas - ","Direct appeal","None - Fund direct from Donors","Yes","1","1707",67,"# of benef","Irbid City","North",""
"487","EDUCATION","01/01/2015","Access to Inclusive Education","[REF1.3]Non-Cert. Informal/Basic Skills","Host Community Boys (Age 0-17) benefiting from life skills activities","IRBID","","SCI","   Urban areas - ","Direct appeal","None - Fund direct from Donors","Yes","1","1707",15,"# of benef","Irbid City","North",""
"488","EDUCATION","01/01/2015","Access to Inclusive Education","[REF1.3]Non-Cert. Informal/Basic Skills","Host Community Girls (Age 0-17) benefiting from basic learning (literacy and numeracy)","IRBID","","SCI","   Urban areas - ","Direct appeal","None - Fund direct from Donors","Yes","1","1707",65,"# of benef","Irbid City","North",""
"489","EDUCATION","01/01/2015","Access to Inclusive Education","[REF1.3]Non-Cert. Informal/Basic Skills","Host Community Girls (Age 0-17) benefiting from life skills activities","IRBID","","SCI","   Urban areas - ","Direct appeal","None - Fund direct from Donors","Yes","1","1707",31,"# of benef","Irbid City","North",""
"490","EDUCATION","01/01/2015","Access to Inclusive Education","[REF1.1]Formal Educ Prim/Secondary","Urban/Rural Syrian Girls (Age 0-17) who benefit from remedial classes","IRBID","","ICCS","   Urban areas - ","Indirect appeal","UNICEF","Yes","1","1707",60,"# of benef","Liwa Bani Kinanah","North",""
"491","EDUCATION","01/01/2015","Access to Inclusive Education","[REF1.1]Formal Educ Prim/Secondary","Urban/Rural Syrian Boys (Age 0-17) who benefit from remedial classes","IRBID","","ICCS","   Urban areas - ","Indirect appeal","UNICEF","Yes","1","1707",65,"# of benef","Liwa Bani Kinanah","North",""
"506","EDUCATION","01/01/2015","Access to Inclusive Education","[REF1.1]Formal Educ Prim/Secondary","Host Community Boys (Age 0-17) who benefit from remedial classes","IRBID","","ICCS","   Urban areas - ","Indirect appeal","UNICEF","Yes","1","1707",26,"# of benef","Liwa Qasabat Irbid","North",""
"515","EDUCATION","01/01/2015","Access to Inclusive Education","[REF1.1]Formal Educ Prim/Secondary","Urban/Rural Syrian Boys (Age 0-17) who benefit from remedial classes","IRBID","","KnK","   Urban areas - ","Direct appeal","None - Fund direct from Donors","Yes","1","1707",97,"# of benef","Irbid Governorate","North",""
"516","EDUCATION","01/01/2015","Access to Inclusive Education","[REF1.1]Formal Educ Prim/Secondary","Urban/Rural Syrian Girls (Age 0-17) who benefit from remedial classes","IRBID","","KnK","   Urban areas - ","Direct appeal","None - Fund direct from Donors","Yes","1","1707",127,"# of benef","Irbid Governorate","North",""
"517","EDUCATION","01/01/2015","Access to Inclusive Education","[REF1.2]Cert. Alt/Non-Formal Education","Urban/Rural Syrian Boys (Age 0-17) benefiting from alternative education service such as non-formal education","IRBID","","UPP","   Urban areas - ","Indirect appeal","UNICEF","Yes","1","1707",290,"# of benef","Irbid City","North",""
"518","EDUCATION","01/01/2015","Access to Inclusive Education","[REF1.2]Cert. Alt/Non-Formal Education","Urban/Rural Syrian Girls (Age 0-17) benefiting from alternative education service such as non-formal education","IRBID","","UPP","   Urban areas - ","Indirect appeal","UNICEF","Yes","1","1707",532,"# of benef","Irbid City","North",""
"522","EDUCATION","01/01/2015","Access to Inclusive Education","[REF1.3]Non-Cert. Informal/Basic Skills","Urban/Rural Syrian Girls (Age 0-17) benefiting from life skills activities","IRBID","","ICCS","   Urban areas - ","Indirect appeal","UNICEF","Yes","1","1707",49,"# of benef","Liwa ar Ramtha","North",""
"523","EDUCATION","01/01/2015","Access to Inclusive Education","[REF1.3]Non-Cert. Informal/Basic Skills","Urban/Rural Syrian Boys (Age 0-17) benefiting from life skills activities","IRBID","","ICCS","   Urban areas - ","Indirect appeal","UNICEF","Yes","1","1707",50,"# of benef","Liwa ar Ramtha","North",""
"531","EDUCATION","01/01/2015","Access to Inclusive Education","[REF1.1]Formal Educ Prim/Secondary","Urban/Rural Syrian Girls (Age 0-17) who benefit from remedial classes","IRBID","","ICCS","   Urban areas - ","Indirect appeal","UNICEF","Yes","1","1707",150,"# of benef","Liwa al Kurah","North",""
"532","EDUCATION","01/01/2015","Access to Inclusive Education","[REF1.1]Formal Educ Prim/Secondary","Host Community Boys (Age 0-17) who benefit from remedial classes","IRBID","","ICCS","   Urban areas - ","Indirect appeal","UNICEF","Yes","1","1707",84,"# of benef","Liwa al Kurah","North",""
"533","EDUCATION","01/01/2015","Access to Inclusive Education","[REF1.1]Formal Educ Prim/Secondary","Host Community Girls (Age 0-17) who benefit from remedial classes","IRBID","","ICCS","   Urban areas - ","Indirect appeal","UNICEF","Yes","1","1707",100,"# of benef","Liwa al Kurah","North",""
"534","EDUCATION","01/01/2015","Access to Inclusive Education","[REF1.1]Formal Educ Prim/Secondary","Urban/Rural Syrian Boys (Age 0-17) who benefit from remedial classes","IRBID","","ICCS","   Urban areas - ","Indirect appeal","UNICEF","Yes","1","1707",157,"# of benef","Liwa al Kurah","North",""
"535","EDUCATION","01/01/2015","Access to Inclusive Education","[REF1.1]Formal Educ Prim/Secondary","Host Community Boys (Age 0-17) who benefit from remedial classes","IRBID","","ICCS","   Urban areas - ","Indirect appeal","UNICEF","Yes","1","1707",19,"# of benef","Liwa al Mazar ash Shamali","North",""
"536","EDUCATION","01/01/2015","Access to Inclusive Education","[REF1.3]Non-Cert. Informal/Basic Skills","Host Community Boys (Age 0-17) benefiting from basic learning (literacy and numeracy)","IRBID","","MECI","   Urban areas - ","Appeal outside of 3RP","None - Fund direct from Donors","No","1","1707",8,"# of benef","Liwa ar Ramtha","North",""
"537","EDUCATION","01/01/2015","Access to Inclusive Education","[REF1.3]Non-Cert. Informal/Basic Skills","Urban/Rural Syrian Girls (Age 0-17) benefiting from basic learning (literacy and numeracy)","IRBID","","MECI","   Urban areas - ","Appeal outside of 3RP","None - Fund direct from Donors","No","1","1707",75,"# of benef","Liwa ar Ramtha","North",""
"547","EDUCATION","01/01/2015","Access to Inclusive Education","[REF1.1]Formal Educ Prim/Secondary","Host Community Girls (Age 0-17) who benefit from remedial classes","IRBID","","ICCS","   Urban areas - ","Indirect appeal","UNICEF","Yes","1","1707",41,"# of benef","Liwa Qasabat Irbid","North",""
"571","EDUCATION","01/01/2015","Access to Inclusive Education","[REF1.3]Non-Cert. Informal/Basic Skills","Urban/Rural Syrian Boys (Age 0-17) benefiting from basic learning (literacy and numeracy)","IRBID","","ICCS","   Urban areas - ","Indirect appeal","UNICEF","Yes","1","1707",60,"# of benef","Liwa Bani Kinanah","North",""
"576","EDUCATION","01/01/2015","Access to Inclusive Education","[REF1.3]Non-Cert. Informal/Basic Skills","Host Community Girls (Age 0-17) benefiting from basic learning (literacy and numeracy)","IRBID","","ICCS","   Urban areas - ","Indirect appeal","UNICEF","Yes","1","1707",1,"# of benef","Liwa Bani Kinanah","North",""
"578","EDUCATION","01/01/2015","Access to Inclusive Education","[REF1.1]Formal Educ Prim/Secondary","Urban/Rural Syrian Girls (Age 0-17) who benefit from remedial classes","IRBID","","ICCS","   Urban areas - ","Indirect appeal","UNICEF","Yes","1","1707",198,"# of benef","Liwa ar Ramtha","North",""
"586","EDUCATION","01/01/2015","Access to Inclusive Education","[REF1.1]Formal Educ Prim/Secondary","Urban/Rural Syrian Boys (Age 0-17) who benefit from remedial classes","IRBID","","ICCS","   Urban areas - ","Indirect appeal","UNICEF","Yes","1","1707",155,"# of benef","Liwa Qasabat Irbid","North",""
"620","EDUCATION","01/01/2015","Access to Inclusive Education","[REF1.3]Non-Cert. Informal/Basic Skills","Urban/Rural Syrian Boys (Age 0-17) benefiting from basic learning (literacy and numeracy)","IRBID","","ICCS","   Urban areas - ","Indirect appeal","UNICEF","Yes","1","1707",64,"# of benef","Liwa al Kurah","North",""
"629","EDUCATION","01/01/2015","Access to Inclusive Education","[REF1.1]Formal Educ Prim/Secondary","Urban/Rural Syrian Girls (Age 0-17) who benefit from remedial classes","IRBID","","ICCS","   Urban areas - ","Indirect appeal","UNICEF","Yes","1","1707",141,"# of benef","Liwa al Aghwar ash Shamaliyah","North",""
"630","EDUCATION","01/01/2015","Access to Inclusive Education","[REF1.1]Formal Educ Prim/Secondary","Urban/Rural Syrian Boys (Age 0-17) who benefit from remedial classes","IRBID","","ICCS","   Urban areas - ","Indirect appeal","UNICEF","Yes","1","1707",87,"# of benef","Liwa al Aghwar ash Shamaliyah","North",""
"642","EDUCATION","01/01/2015","Access to Inclusive Education","[REF1.3]Non-Cert. Informal/Basic Skills","Host Community Girls (Age 0-17) benefiting from life skills activities","IRBID","","ICCS","   Urban areas - ","Indirect appeal","UNICEF","Yes","1","1707",1,"# of benef","Liwa ar Ramtha","North",""
"647","EDUCATION","01/01/2015","Access to Inclusive Education","[REF1.3]Non-Cert. Informal/Basic Skills","Urban/Rural Syrian Girls (Age 0-17) benefiting from basic learning (literacy and numeracy)","IRBID","","ICCS","   Urban areas - ","Indirect appeal","UNICEF","Yes","1","1707",180,"# of benef","Liwa Qasabah Irbid Aydoun","North",""
"660","EDUCATION","01/01/2015","Access to Inclusive Education","[REF1.1]Formal Educ Prim/Secondary","Urban/Rural Syrian Boys (Age 0-17) who benefit from remedial classes","IRBID","","ICCS","   Urban areas - ","Indirect appeal","UNICEF","Yes","1","1707",76,"# of benef","Liwa al Mazar ash Shamali","North",""
"661","EDUCATION","01/01/2015","Access to Inclusive Education","[REF1.3]Non-Cert. Informal/Basic Skills","Urban/Rural Syrian Girls (Age 0-17) benefiting from basic learning (literacy and numeracy)","IRBID","","ICCS","   Urban areas - ","Indirect appeal","UNICEF","Yes","1","1707",64,"# of benef","Liwa al Kurah","North",""
"662","EDUCATION","01/01/2015","Access to Inclusive Education","[REF1.1]Formal Educ Prim/Secondary","Host Community Boys (Age 0-17) who benefit from remedial classes","IRBID","","ICCS","   Urban areas - ","Indirect appeal","UNICEF","Yes","1","1707",9,"# of benef","Liwa ar Ramtha","North",""
"671","EDUCATION","01/01/2015","Access to Inclusive Education","[REF1.1]Formal Educ Prim/Secondary","Host Community Boys (Age 0-17) who benefit from remedial classes","IRBID","","ICCS","   Urban areas - ","Indirect appeal","UNICEF","Yes","1","1707",67,"# of benef","Liwa al Aghwar ash Shamaliyah","North",""
"672","EDUCATION","01/01/2015","Access to Inclusive Education","[REF1.1]Formal Educ Prim/Secondary","Host Community Girls (Age 0-17) who benefit from remedial classes","IRBID","","ICCS","   Urban areas - ","Indirect appeal","UNICEF","Yes","1","1707",135,"# of benef","Liwa al Aghwar ash Shamaliyah","North",""
"680","EDUCATION","01/01/2015","Access to Inclusive Education","[REF1.1]Formal Educ Prim/Secondary","Urban/Rural Syrian Girls (Age 0-17) who benefit from remedial classes","IRBID","","ICCS","   Urban areas - ","Indirect appeal","UNICEF","Yes","1","1707",138,"# of benef","Liwa Qasabat Irbid","North",""
"698","EDUCATION","01/01/2015","Access to Inclusive Education","[REF1.3]Non-Cert. Informal/Basic Skills","Host Community Girls (Age 0-17) benefiting from life skills activities","IRBID","","ICCS","   Urban areas - ","Indirect appeal","UNICEF","Yes","1","1707",2,"# of benef","Liwa Bani Kinanah","North",""
"699","EDUCATION","01/01/2015","Access to Inclusive Education","[REF1.1]Formal Educ Prim/Secondary","Host Community Girls (Age 0-17) who benefit from remedial classes","IRBID","","ICCS","   Urban areas - ","Indirect appeal","UNICEF","Yes","1","1707",26,"# of benef","Liwa al Mazar ash Shamali","North",""
"703","EDUCATION","01/01/2015","Access to Inclusive Education","[REF1.1]Formal Educ Prim/Secondary","Host Community Girls (Age 0-17) who benefit from remedial classes","IRBID","","ICCS","   Urban areas - ","Indirect appeal","UNICEF","Yes","1","1707",24,"# of benef","Liwa ar Ramtha","North",""
"724","EDUCATION","01/01/2015","Access to Inclusive Education","[REF1.1]Formal Educ Prim/Secondary","Urban/Rural Syrian Girls (Age 0-17) who benefit from remedial classes","IRBID","","ICCS","   Urban areas - ","Indirect appeal","UNICEF","Yes","1","1707",69,"# of benef","Liwa al Mazar ash Shamali","North",""
"741","EDUCATION","01/01/2015","Access to Inclusive Education","[REF1.3]Non-Cert. Informal/Basic Skills","Host Community Girls (Age 0-17) benefiting from basic learning (literacy and numeracy)","IRBID","","MECI","   Urban areas - ","Appeal outside of 3RP","None - Fund direct from Donors","No","1","1707",10,"# of benef","Liwa ar Ramtha","North",""
"749","EDUCATION","01/01/2015","Access to Inclusive Education","[REF1.3]Non-Cert. Informal/Basic Skills","Urban/Rural Syrian Girls (Age 0-17) benefiting from basic learning (literacy and numeracy)","IRBID","","ICCS","   Urban areas - ","Indirect appeal","UNICEF","Yes","1","1707",52,"# of benef","Liwa Bani Kinanah","North",""
"750","EDUCATION","01/01/2015","Access to Inclusive Education","[REF1.3]Non-Cert. Informal/Basic Skills","Urban/Rural Syrian Boys (Age 0-17) benefiting from life skills activities","IRBID","","ICCS","   Urban areas - ","Indirect appeal","UNICEF","Yes","1","1707",90,"# of benef","Liwa Bani Kinanah","North",""
"751","EDUCATION","01/01/2015","Access to Inclusive Education","[REF1.3]Non-Cert. Informal/Basic Skills","Host Community Boys (Age 0-17) benefiting from life skills activities","IRBID","","ICCS","   Urban areas - ","Indirect appeal","UNICEF","Yes","1","1707",2,"# of benef","Liwa Bani Kinanah","North",""
"778","EDUCATION","01/01/2015","Access to Inclusive Education","[REF1.3]Non-Cert. Informal/Basic Skills","Urban/Rural Syrian Boys (Age 0-17) benefiting from basic learning (literacy and numeracy)","IRBID","","MECI","   Urban areas - ","Appeal outside of 3RP","None - Fund direct from Donors","No","1","1707",84,"# of benef","Liwa ar Ramtha","North",""
"779","EDUCATION","01/01/2015","Access to Inclusive Education","[REF1.1]Formal Educ Prim/Secondary","Urban/Rural Syrian Boys (Age 0-17) who benefit from remedial classes","IRBID","","ICCS","   Urban areas - ","Indirect appeal","UNICEF","Yes","1","1707",239,"# of benef","Liwa ar Ramtha","North",""
"810","EDUCATION","01/01/2015","Access to Inclusive Education","[REF1.1]Formal Educ Prim/Secondary","Urban/Rural Syrian Girls (Age 0-17) who benefit from remedial classes","JARASH","","ICCS","   Urban areas - ","Indirect appeal","UNICEF","Yes","1","1708",17,"# of benef","Jarash City","North",""
"811","EDUCATION","01/01/2015","Access to Inclusive Education","[REF1.1]Formal Educ Prim/Secondary","Host Community Boys (Age 0-17) who benefit from remedial classes","JARASH","","ICCS","   Urban areas - ","Indirect appeal","UNICEF","Yes","1","1708",145,"# of benef","Jarash City","North",""
"814","EDUCATION","01/01/2015","Access to Inclusive Education","[REF1.1]Formal Educ Prim/Secondary","Urban/Rural Syrian Girls (Age 0-17) who benefit from remedial classes","JARASH","","ICCS","   Urban areas - ","Indirect appeal","UNICEF","Yes","1","1708",117,"# of benef","Jarash City","North",""
"826","EDUCATION","01/01/2015","Access to Inclusive Education","[REF1.1]Formal Educ Prim/Secondary","Host Community Girls (Age 0-17) who benefit from remedial classes","JARASH","","ICCS","   Urban areas - ","Indirect appeal","UNICEF","Yes","1","1708",45,"# of benef","Jarash City","North",""
"852","EDUCATION","01/01/2015","Access to Inclusive Education","[REF1.1]Formal Educ Prim/Secondary","Host Community Girls (Age 0-17) who benefit from remedial classes","JARASH","","ICCS","   Urban areas - ","Indirect appeal","UNICEF","Yes","1","1708",219,"# of benef","Jarash City","North",""
"861","EDUCATION","01/01/2015","Access to Inclusive Education","[REF1.1]Formal Educ Prim/Secondary","Urban/Rural Syrian Boys (Age 0-17) who benefit from remedial classes","JARASH","","ICCS","   Urban areas - ","Indirect appeal","UNICEF","Yes","1","1708",1,"# of benef","Jarash City","North",""
"878","EDUCATION","01/01/2015","Access to Inclusive Education","[REF1.3]Non-Cert. Informal/Basic Skills","Host Community Girls (Age 0-17) benefiting from basic learning (literacy and numeracy)","KARAK","","SCI","   Urban areas - ","Direct appeal","None - Fund direct from Donors","Yes","3","1704",44,"# of benef","Karak Governorate","South",""
"882","EDUCATION","01/01/2015","Access to Inclusive Education","[REF1.1]Formal Educ Prim/Secondary","Urban/Rural Syrian Girls (Age 0-17) who benefit from remedial classes","KARAK","","ICCS","   Urban areas - ","Indirect appeal","UNICEF","Yes","3","1704",8,"# of benef","Ghawr Al Mazr'ha","South",""
"883","EDUCATION","01/01/2015","Access to Inclusive Education","[REF1.3]Non-Cert. Informal/Basic Skills","Urban/Rural Syrian Girls (Age 0-17) benefiting from life skills activities","KARAK","","ICCS","   Urban areas - ","Indirect appeal","UNICEF","Yes","3","1704",33,"# of benef","Liwa al Mazar al Janubi","South",""
"884","EDUCATION","01/01/2015","Access to Inclusive Education","[REF1.1]Formal Educ Prim/Secondary","Camps Syrian Girls (Age 0-17) who benefit from remedial classes","KARAK","","ICCS","   Urban areas - ","Indirect appeal","UNICEF","Yes","3","1704",117,"# of benef","Ghawr Al Mazr'ha","South",""
"887","EDUCATION","01/01/2015","Access to Inclusive Education","[REF1.3]Non-Cert. Informal/Basic Skills","Urban/Rural Syrian Boys (Age 0-17) benefiting from basic learning (literacy and numeracy)","KARAK","","ICCS","   Urban areas - ","Indirect appeal","UNICEF","Yes","3","1704",15,"# of benef","Ghawr Al Mazr'ha","South",""
"888","EDUCATION","01/01/2015","Access to Inclusive Education","[REF1.3]Non-Cert. Informal/Basic Skills","Host Community Boys (Age 0-17) benefiting from basic learning (literacy and numeracy)","KARAK","","SCI","   Urban areas - ","Direct appeal","None - Fund direct from Donors","Yes","3","1704",58,"# of benef","Karak Governorate","South",""
"889","EDUCATION","01/01/2015","Access to Inclusive Education","[REF1.3]Non-Cert. Informal/Basic Skills","Urban/Rural Syrian Boys (Age 0-17) benefiting from basic learning (literacy and numeracy)","KARAK","","ICCS","   Urban areas - ","Indirect appeal","UNICEF","Yes","3","1704",17,"# of benef","Liwa al Mazar al Janubi","South",""
"890","EDUCATION","01/01/2015","Access to Inclusive Education","[REF1.3]Non-Cert. Informal/Basic Skills","Urban/Rural Syrian Girls (Age 0-17) benefiting from basic learning (literacy and numeracy)","KARAK","","ICCS","   Urban areas - ","Indirect appeal","UNICEF","Yes","3","1704",10,"# of benef","Ghawr Al Mazr'ha","South",""
"892","EDUCATION","01/01/2015","Access to Inclusive Education","[REF1.3]Non-Cert. Informal/Basic Skills","Urban/Rural Syrian Girls (Age 0-17) benefiting from life skills activities","KARAK","","ICCS","   Urban areas - ","Indirect appeal","UNICEF","Yes","3","1704",4,"# of benef","Ghawr Al Mazr'ha","South",""
"894","EDUCATION","01/01/2015","Access to Inclusive Education","[REF1.3]Non-Cert. Informal/Basic Skills","Urban/Rural Syrian Girls (Age 0-17) benefiting from basic learning (literacy and numeracy)","KARAK","","ICCS","   Urban areas - ","Indirect appeal","UNICEF","Yes","3","1704",110,"# of benef","Liwa Qasabah Ghawr Al Safi","South",""
"895","EDUCATION","01/01/2015","Access to Inclusive Education","[REF1.3]Non-Cert. Informal/Basic Skills","Urban/Rural Syrian Boys (Age 0-17) benefiting from life skills activities","KARAK","","ICCS","   Urban areas - ","Indirect appeal","UNICEF","Yes","3","1704",12,"# of benef","Ghawr Al Mazr'ha","South",""
"897","EDUCATION","01/01/2015","Access to Inclusive Education","[REF1.1]Formal Educ Prim/Secondary","Urban/Rural Syrian Boys (Age 0-17) who benefit from remedial classes","KARAK","","ICCS","   Urban areas - ","Indirect appeal","UNICEF","Yes","3","1704",5,"# of benef","Ghawr Al Mazr'ha","South",""
"899","EDUCATION","01/01/2015","Access to Inclusive Education","[REF1.3]Non-Cert. Informal/Basic Skills","Urban/Rural Syrian Boys (Age 0-17) benefiting from basic learning (literacy and numeracy)","KARAK","","ICCS","   Urban areas - ","Indirect appeal","UNICEF","Yes","3","1704",100,"# of benef","Liwa Qasabah Ghawr Al Safi","South",""
"902","EDUCATION","01/01/2015","Access to Inclusive Education","[REF1.3]Non-Cert. Informal/Basic Skills","Urban/Rural Syrian Girls (Age 0-17) benefiting from basic learning (literacy and numeracy)","KARAK","","ICCS","   Urban areas - ","Indirect appeal","UNICEF","Yes","3","1704",22,"# of benef","Liwa al Mazar al Janubi","South",""
"904","EDUCATION","01/01/2015","Access to Inclusive Education","[REF1.3]Non-Cert. Informal/Basic Skills","Host Community Girls (Age 0-17) benefiting from life skills activities","KARAK","","ICCS","   Urban areas - ","Indirect appeal","UNICEF","Yes","3","1704",20,"# of benef","Ghawr Al Mazr'ha","South",""
"908","EDUCATION","01/01/2015","Access to Inclusive Education","[REF1.3]Non-Cert. Informal/Basic Skills","Host Community Girls (Age 0-17) benefiting from life skills activities","KARAK","","ICCS","   Urban areas - ","Indirect appeal","UNICEF","Yes","3","1704",27,"# of benef","Liwa al Mazar al Janubi","South",""
"909","EDUCATION","01/01/2015","Access to Inclusive Education","[REF1.3]Non-Cert. Informal/Basic Skills","Host Community Girls (Age 0-17) benefiting from basic learning (literacy and numeracy)","KARAK","","ICCS","   Urban areas - ","Indirect appeal","UNICEF","Yes","3","1704",10,"# of benef","Ghawr Al Mazr'ha","South",""
"913","EDUCATION","01/01/2015","Access to Inclusive Education","[REF1.1]Formal Educ Prim/Secondary","Host Community Boys (Age 0-17) who benefit from remedial classes","KARAK","","ICCS","   Urban areas - ","Indirect appeal","UNICEF","Yes","3","1704",193,"# of benef","Ghawr Al Mazr'ha","South",""
"917","EDUCATION","01/01/2015","Access to Inclusive Education","[REF1.1]Formal Educ Prim/Secondary","Urban/Rural Syrian Boys (Age 0-17) who benefit from remedial classes","KARAK","","ICCS","   Urban areas - ","Indirect appeal","UNICEF","Yes","3","1704",49,"# of benef","Liwa al Mazar al Janubi","South",""
"921","EDUCATION","01/01/2015","Access to Inclusive Education","[REF1.3]Non-Cert. Informal/Basic Skills","Host Community Boys (Age 0-17) benefiting from basic learning (literacy and numeracy)","KARAK","","ICCS","   Urban areas - ","Indirect appeal","UNICEF","Yes","3","1704",15,"# of benef","Ghawr Al Mazr'ha","South",""
"922","EDUCATION","01/01/2015","Access to Inclusive Education","[REF1.1]Formal Educ Prim/Secondary","Host Community Girls (Age 0-17) who benefit from remedial classes","KARAK","","ICCS","   Urban areas - ","Indirect appeal","UNICEF","Yes","3","1704",223,"# of benef","Liwa al Mazar al Janubi","South",""
"926","EDUCATION","01/01/2015","Access to Inclusive Education","[REF1.1]Formal Educ Prim/Secondary","Host Community Girls (Age 0-17) who benefit from remedial classes","KARAK","","ICCS","   Urban areas - ","Indirect appeal","UNICEF","Yes","3","1704",180,"# of benef","Liwa Qasabah Ghawr Al Safi","South",""
"928","EDUCATION","01/01/2015","Access to Inclusive Education","[REF1.1]Formal Educ Prim/Secondary","Urban/Rural Syrian Girls (Age 0-17) who benefit from remedial classes","KARAK","","ICCS","   Urban areas - ","Indirect appeal","UNICEF","Yes","3","1704",57,"# of benef","Liwa al Mazar al Janubi","South",""
"931","EDUCATION","01/01/2015","Access to Inclusive Education","[REF1.1]Formal Educ Prim/Secondary","Host Community Boys (Age 0-17) who benefit from remedial classes","KARAK","","ICCS","   Urban areas - ","Indirect appeal","UNICEF","Yes","3","1704",138,"# of benef","Liwa al Mazar al Janubi","South",""
"940","EDUCATION","01/01/2015","Access to Inclusive Education","[REF1.3]Non-Cert. Informal/Basic Skills","Host Community Boys (Age 0-17) benefiting from basic learning (literacy and numeracy)","MAAN","","ICCS","   Urban areas - ","Indirect appeal","UNICEF","Yes","3","1709",29,"# of benef","Liwa Qasabat Maan","South",""
"946","EDUCATION","01/01/2015","Access to Inclusive Education","[REF1.3]Non-Cert. Informal/Basic Skills","Host Community Girls (Age 0-17) benefiting from basic learning (literacy and numeracy)","MAAN","","ICCS","   Urban areas - ","Indirect appeal","UNICEF","Yes","3","1709",52,"# of benef","Liwa Qasabat Maan","South",""
"947","EDUCATION","01/01/2015","Access to Inclusive Education","[REF1.1]Formal Educ Prim/Secondary","Host Community Girls (Age 0-17) who benefit from remedial classes","MAAN","","ICCS","   Urban areas - ","Indirect appeal","UNICEF","Yes","3","1709",75,"# of benef","Liwa Qasabat Maan","South",""
"966","EDUCATION","01/01/2015","Access to Inclusive Education","[REF1.3]Non-Cert. Informal/Basic Skills","Urban/Rural Syrian Girls (Age 0-17) benefiting from basic learning (literacy and numeracy)","MAAN","","ICCS","   Urban areas - ","Indirect appeal","UNICEF","Yes","3","1709",30,"# of benef","Liwa Qasabat Maan","South",""
"967","EDUCATION","01/01/2015","Access to Inclusive Education","[REF1.1]Formal Educ Prim/Secondary","Host Community Girls (Age 0-17) who benefit from remedial classes","MAAN","","ICCS","   Urban areas - ","Indirect appeal","UNICEF","Yes","3","1709",35,"# of benef","Liwa al Batra","South",""
"971","EDUCATION","01/01/2015","Access to Inclusive Education","[REF1.1]Formal Educ Prim/Secondary","Host Community Boys (Age 0-17) who benefit from remedial classes","MAAN","","ICCS","   Urban areas - ","Indirect appeal","UNICEF","Yes","3","1709",35,"# of benef","Liwa al Batra","South",""
"972","EDUCATION","01/01/2015","Access to Inclusive Education","[REF1.1]Formal Educ Prim/Secondary","Urban/Rural Syrian Boys (Age 0-17) who benefit from remedial classes","MAAN","","ICCS","   Urban areas - ","Indirect appeal","UNICEF","Yes","3","1709",18,"# of benef","Liwa al Batra","South",""
"973","EDUCATION","01/01/2015","Access to Inclusive Education","[REF1.1]Formal Educ Prim/Secondary","Host Community Boys (Age 0-17) who benefit from remedial classes","MAAN","","ICCS","   Urban areas - ","Indirect appeal","UNICEF","Yes","3","1709",68,"# of benef","Liwa Qasabat Maan","South",""
"974","EDUCATION","01/01/2015","Access to Inclusive Education","[REF1.1]Formal Educ Prim/Secondary","Urban/Rural Syrian Girls (Age 0-17) who benefit from remedial classes","MAAN","","ICCS","   Urban areas - ","Indirect appeal","UNICEF","Yes","3","1709",39,"# of benef","Liwa Qasabat Maan","South",""
"980","EDUCATION","01/01/2015","Access to Inclusive Education","[REF1.3]Non-Cert. Informal/Basic Skills","Urban/Rural Syrian Boys (Age 0-17) benefiting from basic learning (literacy and numeracy)","MAAN","","ICCS","   Urban areas - ","Indirect appeal","UNICEF","Yes","3","1709",19,"# of benef","Liwa Qasabat Maan","South",""
"981","EDUCATION","01/01/2015","Access to Inclusive Education","[REF1.1]Formal Educ Prim/Secondary","Urban/Rural Syrian Girls (Age 0-17) who benefit from remedial classes","MAAN","","ICCS","   Urban areas - ","Indirect appeal","UNICEF","Yes","3","1709",10,"# of benef","Liwa al Batra","South",""
"982","EDUCATION","01/01/2015","Access to Inclusive Education","[REF1.1]Formal Educ Prim/Secondary","Urban/Rural Syrian Boys (Age 0-17) who benefit from remedial classes","MAAN","","ICCS","   Urban areas - ","Indirect appeal","UNICEF","Yes","3","1709",16,"# of benef","Liwa Qasabat Maan","South",""
"984","EDUCATION","01/01/2015","Access to Inclusive Education","[REF1.3]Non-Cert. Informal/Basic Skills","Urban/Rural Syrian Boys (Age 0-17) benefiting from basic learning (literacy and numeracy)","MAAN","","ICCS","   Urban areas - ","Indirect appeal","UNICEF","Yes","3","1709",9,"# of benef","Liwa al Batra","South",""
"992","EDUCATION","01/01/2015","Access to Inclusive Education","[REF1.2]Cert. Alt/Non-Formal Education","Urban/Rural Syrian Girls (Age 0-17) benefiting from alternative education service such as non-formal education","MADABA","","UPP","   Urban areas - ","Indirect appeal","UNICEF","Yes","2","1710",137,"# of benef","Madaba City","Center",""
"1004","EDUCATION","01/01/2015","Access to Inclusive Education","[REF1.2]Cert. Alt/Non-Formal Education","Urban/Rural Syrian Boys (Age 0-17) benefiting from alternative education service such as non-formal education","MADABA","","UPP","   Urban areas - ","Indirect appeal","UNICEF","Yes","2","1710",224,"# of benef","Madaba City","Center",""
"1006","EDUCATION","01/01/2015","Access to Inclusive Education","[REF1.1]Formal Educ Prim/Secondary","Camps Syrian Girls (Age 0-17) who benefit from remedial classes","MAFRAQ","","RI","Camp    - ","Indirect appeal","UNHCR","Yes","1","1711",159,"# of benef","Zaatari District 5","North",""
"1011","EDUCATION","01/01/2015","Access to Inclusive Education","[REF1.1]Formal Educ Prim/Secondary","# of newly recruited teachers and administrative staff mobilized to serve Syrian refugee children","MAFRAQ","","RI","Camp    - ","Indirect appeal","UNHCR","Yes","1","1711",41,"# of staff","Zaatari District 5","North",""
"1027","EDUCATION","01/01/2015","Access to Inclusive Education","[REF1.3]Non-Cert. Informal/Basic Skills","Camps Syrian Girls (Age 0-17) benefiting from basic learning (literacy and numeracy)","MAFRAQ","","RI","Camp    - ","Indirect appeal","UNICEF","Yes","1","1711",92,"# of benef","Zaatari District 3","North",""
"1032","EDUCATION","01/01/2015","Access to Inclusive Education","[REF1.3]Non-Cert. Informal/Basic Skills","Camps Syrian Boys (Age 0-17) benefiting from basic learning (literacy and numeracy)","MAFRAQ","","RI","Camp    - ","Indirect appeal","UNICEF","Yes","1","1711",93,"# of benef","Zaatari District 3","North",""
"1044","EDUCATION","01/01/2015","Access to Inclusive Education","[REF1.1]Formal Educ Prim/Secondary","Camps Syrian Boys (Age 0-17) who benefit from remedial classes","MAFRAQ","","RI","Camp    - ","Indirect appeal","UNHCR","Yes","1","1711",161,"# of benef","Zaatari District 5","North",""
"1061","EDUCATION","01/01/2015","Access to Inclusive Education","[REF1.3]Non-Cert. Informal/Basic Skills","Camps Syrian Boys (Age 0-17) benefiting from life skills activities","MAFRAQ","","NRC","Camp    - ","Direct appeal","None - Fund direct from Donors","No","1","1711",205,"# of benef","Zaatari District 10","North",""
"1079","EDUCATION","01/01/2015","Access to Inclusive Education","[REF1.1]Formal Educ Prim/Secondary","# of newly recruited teachers and administrative staff mobilized to serve Syrian refugee children","MAFRAQ","","RI","Camp    - ","Indirect appeal","UNICEF","Yes","1","1711",41,"# of staff","Zaatari District 8","North",""
"1100","EDUCATION","01/01/2015","Quality/Protective Learning Environs.","[REF2.3]Essential Education Supplies","Urban/Rural Syrian Girls (Age 0-17) provided with individual education kits (school bags and stationery)","MAFRAQ","","ICMC","   Urban areas - ","Direct appeal","None - Fund direct from Donors","Yes","1","1711",132,"# of benef","Mafraq City","North",""
"1117","EDUCATION","01/01/2015","Access to Inclusive Education","[REF1.3]Non-Cert. Informal/Basic Skills","Camps Syrian Boys (Age 0-17) benefiting from basic learning (literacy and numeracy)","MAFRAQ","","NRC","Camp    - ","Indirect appeal","UNICEF","Yes","1","1711",118,"# of benef","Zaatari District 10","North",""
"1120","EDUCATION","01/01/2015","Access to Inclusive Education","[REF1.1]Formal Educ Prim/Secondary","Host Community Girls (Age 0-17) who benefit from remedial classes","MAFRAQ","","ICCS","   Urban areas - ","Indirect appeal","UNICEF","Yes","1","1711",40,"# of benef","Liwa Qasabat al Mafraq","North",""
"1131","EDUCATION","01/01/2015","Access to Inclusive Education","[REF1.3]Non-Cert. Informal/Basic Skills","Camps Syrian Boys (Age 0-17) benefiting from technical skills/post-basic education","MAFRAQ","","NRC","Camp    - ","Indirect appeal","UNICEF","Yes","1","1711",211,"# of benef","Zaatari District 10","North",""
"1138","EDUCATION","01/01/2015","Quality/Protective Learning Environs.","[REF2.1] PSS activities","Camps Syrian Girls (Age 0-17) benefitting from extra-curricular activities, recreation activities and sports that contribute to psychosocial well-being","MAFRAQ","","FCA","Camp    - ","Direct appeal","None - Fund direct from Donors","Yes","1","1711",3,"# of benef","Zaatari District 4","North",""
"1142","EDUCATION","01/01/2015","Access to Inclusive Education","[REF1.1]Formal Educ Prim/Secondary","Host Community Boys (Age 0-17) who benefit from remedial classes","MAFRAQ","","ICCS","   Urban areas - ","Indirect appeal","UNICEF","Yes","1","1711",15,"# of benef","Liwa Qasabat al Mafraq","North",""
"1155","EDUCATION","01/01/2015","Quality/Protective Learning Environs.","[REF2.3]Essential Education Supplies","Urban/Rural Syrian Boys (Age 0-17) provided with individual education kits (school bags and stationery)","MAFRAQ","","ICMC","   Urban areas - ","Direct appeal","None - Fund direct from Donors","Yes","1","1711",141,"# of benef","Mafraq City","North",""
"1156","EDUCATION","01/01/2015","Access to Inclusive Education","[REF1.1]Formal Educ Prim/Secondary","Urban/Rural Syrian Boys (Age 0-17) who benefit from remedial classes","MAFRAQ","","ICCS","   Urban areas - ","Indirect appeal","UNICEF","Yes","1","1711",219,"# of benef","Liwa Qasabat al Mafraq","North",""
"1159","EDUCATION","01/01/2015","Access to Inclusive Education","[REF1.1]Formal Educ Prim/Secondary","Camps Syrian Girls (Age 0-17) who benefit from remedial classes","MAFRAQ","","RI","Camp    - ","Indirect appeal","UNICEF","Yes","1","1711",164,"# of benef","Zaatari District 8","North",""
"1160","EDUCATION","01/01/2015","Access to Inclusive Education","[REF1.1]Formal Educ Prim/Secondary","Camps Syrian Boys (Age 0-17) who benefit from remedial classes","MAFRAQ","","RI","Camp    - ","Indirect appeal","UNICEF","Yes","1","1711",174,"# of benef","Zaatari District 8","North",""
"1162","EDUCATION","01/01/2015","Quality/Protective Learning Environs.","[REF2.2]Training Edc. Service Providers","# of teachers, school supervisors, counsellors and other educational personnel trained","MAFRAQ","","RI","Camp    - ","Indirect appeal","UNICEF","Yes","1","1711",65,"# of staff","Zaatari District 3","North",""
"1166","EDUCATION","01/01/2015","Access to Inclusive Education","[REF1.3]Non-Cert. Informal/Basic Skills","Camps Syrian Girls (Age 0-17) benefiting from life skills activities","MAFRAQ","","SCI","Camp    - ","Indirect appeal","UNICEF","Yes","1","1711",149,"# of benef","Zaatari Camp (all district)","North",""
"1167","EDUCATION","01/01/2015","Access to Inclusive Education","[REF1.1]Formal Educ Prim/Secondary","# of newly recruited teachers and administrative staff mobilized to serve Syrian refugee children","MAFRAQ","","RI","Camp    - ","Indirect appeal","UNICEF","Yes","1","1711",65,"# of staff","Zaatari District 3","North",""
"1169","EDUCATION","01/01/2015","Access to Inclusive Education","[REF1.3]Non-Cert. Informal/Basic Skills","Camps Syrian Boys (Age 0-17) benefiting from life skills activities","MAFRAQ","","SCI","Camp    - ","Indirect appeal","UNICEF","Yes","1","1711",30,"# of benef","Zaatari Camp (all district)","North",""
"1170","EDUCATION","01/01/2015","Access to Inclusive Education","[REF1.3]Non-Cert. Informal/Basic Skills","Camps Syrian Girls (Age 0-17) benefiting from technical skills/post-basic education","MAFRAQ","","NRC","Camp    - ","Indirect appeal","UNICEF","Yes","1","1711",149,"# of benef","Zaatari District 10","North",""
"1184","EDUCATION","01/01/2015","Access to Inclusive Education","[REF1.3]Non-Cert. Informal/Basic Skills","Host Community Girls (Age 0-17) benefiting from life skills activities","MAFRAQ","","ICCS","   Urban areas - ","Indirect appeal","UNICEF","Yes","1","1711",28,"# of benef","Liwa Qasabat al Mafraq","North",""
"1197","EDUCATION","01/01/2015","Access to Inclusive Education","[REF1.3]Non-Cert. Informal/Basic Skills","Camps Syrian Girls (Age 0-17) benefiting from basic learning (literacy and numeracy)","MAFRAQ","","FCA","Camp    - ","Direct appeal","None - Fund direct from Donors","Yes","1","1711",12,"# of benef","Zaatari District 8","North",""
"1206","EDUCATION","01/01/2015","Access to Inclusive Education","[REF1.3]Non-Cert. Informal/Basic Skills","Camps Syrian Girls (Age 0-17) out-of-school children and youth who (re)enrol in official education","MAFRAQ","","SCI","Camp    - ","Indirect appeal","UNICEF","Yes","1","1711",11,"# of benef","Zaatari Camp (all district)","North",""
"1207","EDUCATION","01/01/2015","Access to Inclusive Education","[REF1.1]Formal Educ Prim/Secondary","Camps Syrian Boys (Age 0-17) who benefit from remedial classes","MAFRAQ","","RI","Camp    - ","Indirect appeal","UNICEF","Yes","1","1711",255,"# of benef","Zaatari District 3","North",""
"1209","EDUCATION","01/01/2015","Access to Inclusive Education","[REF1.1]Formal Educ Prim/Secondary","Camps Syrian Girls (Age 0-17) who benefit from remedial classes","MAFRAQ","","RI","Camp    - ","Indirect appeal","UNICEF","Yes","1","1711",260,"# of benef","Zaatari District 3","North",""
"1212","EDUCATION","01/01/2015","Access to Inclusive Education","[REF1.1]Formal Educ Prim/Secondary","Urban/Rural Syrian Girls (Age 0-17) who benefit from remedial classes","MAFRAQ","","ICCS","   Urban areas - ","Indirect appeal","UNICEF","Yes","1","1711",158,"# of benef","Liwa Qasabat al Mafraq","North",""
"1226","EDUCATION","01/01/2015","Access to Inclusive Education","[REF1.3]Non-Cert. Informal/Basic Skills","Urban/Rural Syrian Girls (Age 0-17) benefiting from life skills activities","MAFRAQ","","ICCS","   Urban areas - ","Indirect appeal","UNICEF","Yes","1","1711",74,"# of benef","Liwa Qasabat al Mafraq","North",""
"1227","EDUCATION","01/01/2015","Quality/Protective Learning Environs.","[REF2.2]Training Edc. Service Providers","# of teachers, school supervisors, counsellors and other educational personnel trained","MAFRAQ","","RI","Camp    - ","Indirect appeal","UNICEF","Yes","1","1711",41,"# of staff","Zaatari District 5","North",""
"1231","EDUCATION","01/01/2015","Access to Inclusive Education","[REF1.1]Formal Educ Prim/Secondary","Urban/Rural Syrian Boys (Age 0-17) who benefit from remedial classes","MAFRAQ","","KnK","   Urban areas - ","Direct appeal","None - Fund direct from Donors","Yes","1","1711",109,"# of benef","Mafraq Governorate","North",""
"1232","EDUCATION","01/01/2015","Access to Inclusive Education","[REF1.1]Formal Educ Prim/Secondary","Urban/Rural Syrian Girls (Age 0-17) who benefit from remedial classes","MAFRAQ","","KnK","   Urban areas - ","Direct appeal","None - Fund direct from Donors","Yes","1","1711",216,"# of benef","Mafraq Governorate","North",""
"1233","EDUCATION","01/01/2015","Quality/Protective Learning Environs.","[REF2.2]Training Edc. Service Providers","# of teachers, school supervisors, counsellors and other educational personnel trained","MAFRAQ","","RI","Camp    - ","Indirect appeal","UNICEF","Yes","1","1711",41,"# of staff","Zaatari District 8","North",""
"1241","EDUCATION","01/01/2015","Access to Inclusive Education","[REF1.3]Non-Cert. Informal/Basic Skills","Urban/Rural Syrian Boys (Age 0-17) benefiting from life skills activities","MAFRAQ","","ICCS","   Urban areas - ","Indirect appeal","UNICEF","Yes","1","1711",69,"# of benef","Liwa Qasabat al Mafraq","North",""
"1251","EDUCATION","01/01/2015","Access to Inclusive Education","[REF1.3]Non-Cert. Informal/Basic Skills","Camps Syrian Boys (Age 0-17) benefiting from basic learning (literacy and numeracy)","MAFRAQ","","FCA","Camp    - ","Direct appeal","None - Fund direct from Donors","Yes","1","1711",3,"# of benef","Zaatari District 8","North",""
"1264","EDUCATION","01/01/2015","Access to Inclusive Education","[REF1.3]Non-Cert. Informal/Basic Skills","Host Community Boys (Age 0-17) benefiting from life skills activities","MAFRAQ","","ICCS","   Urban areas - ","Indirect appeal","UNICEF","Yes","1","1711",19,"# of benef","Liwa Qasabat al Mafraq","North",""
"1284","EDUCATION","01/01/2015","Access to Inclusive Education","[REF1.2]Cert. Alt/Non-Formal Education","Urban/Rural Syrian Girls (Age 0-17) benefiting from alternative education service such as non-formal education","MAFRAQ","","UPP","   Urban areas - ","Indirect appeal","UNICEF","Yes","1","1711",15,"# of benef","Mafraq City","North",""
"1289","EDUCATION","01/01/2015","Quality/Protective Learning Environs.","[REF2.1] PSS activities","Camps Syrian Girls (Age 0-17) benefitting from extra-curricular activities, recreation activities and sports that contribute to psychosocial well-being","MAFRAQ","","RI","Camp    - ","Indirect appeal","UNICEF","Yes","1","1711",92,"# of benef","Zaatari District 3","North",""
"1292","EDUCATION","01/01/2015","Access to Inclusive Education","[REF1.3]Non-Cert. Informal/Basic Skills","Urban/Rural Syrian Boys (Age 0-17) benefiting from basic learning (literacy and numeracy)","MAFRAQ","","ICCS","   Urban areas - ","Indirect appeal","UNICEF","Yes","1","1711",158,"# of benef","Liwa Qasabat al Mafraq","North",""
"1293","EDUCATION","01/01/2015","Access to Inclusive Education","[REF1.3]Non-Cert. Informal/Basic Skills","Camps Syrian Girls (Age 0-17) benefiting from basic learning (literacy and numeracy)","MAFRAQ","","NRC","Camp    - ","Indirect appeal","UNICEF","Yes","1","1711",89,"# of benef","Zaatari District 10","North",""
"1301","EDUCATION","01/01/2015","Access to Inclusive Education","[REF1.2]Cert. Alt/Non-Formal Education","Urban/Rural Syrian Boys (Age 0-17) benefiting from alternative education service such as non-formal education","MAFRAQ","","UPP","   Urban areas - ","Indirect appeal","UNICEF","Yes","1","1711",19,"# of benef","Mafraq City","North",""
"1304","EDUCATION","01/01/2015","Access to Inclusive Education","[REF1.1]Formal Educ Prim/Secondary","Camps Syrian Girls (Age 0-17) registered in Jordanian public schools (primary and secondary)","MAFRAQ","","KnK","Camp    - ","Direct appeal","None - Fund direct from Donors","Yes","1","1711",162,"# of benef","Zaatari District 3","North",""
"1306","EDUCATION","01/01/2015","Access to Inclusive Education","[REF1.3]Non-Cert. Informal/Basic Skills","Urban/Rural Syrian Girls (Age 0-17) benefiting from basic learning (literacy and numeracy)","MAFRAQ","","ICCS","   Urban areas - ","Indirect appeal","UNICEF","Yes","1","1711",126,"# of benef","Liwa Qasabat al Mafraq","North",""
"1308","EDUCATION","01/01/2015","Access to Inclusive Education","[REF1.3]Non-Cert. Informal/Basic Skills","Host Community Boys (Age 0-17) benefiting from basic learning (literacy and numeracy)","MAFRAQ","","ICCS","   Urban areas - ","Indirect appeal","UNICEF","Yes","1","1711",9,"# of benef","Liwa Qasabat al Mafraq","North",""
"1324","EDUCATION","01/01/2015","Quality/Protective Learning Environs.","[REF2.1] PSS activities","Camps Syrian Boys (Age 0-17) benefitting from extra-curricular activities, recreation activities and sports that contribute to psychosocial well-being","MAFRAQ","","RI","Camp    - ","Indirect appeal","UNICEF","Yes","1","1711",93,"# of benef","Zaatari District 3","North",""
"1329","EDUCATION","01/01/2015","Quality/Protective Learning Environs.","[REF2.2]Training Edc. Service Providers","# of teachers, school supervisors, counsellors and other educational personnel trained","MAFRAQ","","KnK","   Urban areas - ","Direct appeal","None - Fund direct from Donors","Yes","1","1711",24,"# of staff","Mafraq City","North",""
"1336","EDUCATION","01/01/2015","Access to Inclusive Education","[REF1.1]Formal Educ Prim/Secondary","Camps Syrian Boys (Age 0-17) registered in Jordanian public schools (primary and secondary)","MAFRAQ","","KnK","Camp    - ","Direct appeal","None - Fund direct from Donors","Yes","1","1711",81,"# of benef","Zaatari District 3","North",""
"1353","EDUCATION","01/01/2015","Quality/Protective Learning Environs.","[REF2.2]Training Edc. Service Providers","# of teachers, school supervisors, counsellors and other educational personnel trained","MAFRAQ","","NRC","Camp    - ","Indirect appeal","UNICEF","Yes","1","1711",28,"# of staff","Zaatari District 10","North",""
"1360","EDUCATION","01/01/2015","Access to Inclusive Education","[REF1.3]Non-Cert. Informal/Basic Skills","Host Community Girls (Age 0-17) benefiting from life skills activities","TAFILAH","","ICCS","   Urban areas - ","Indirect appeal","UNICEF","Yes","3","1706",21,"# of benef","Liwa Qasabat at Tafilah","South",""
"1361","EDUCATION","01/01/2015","Access to Inclusive Education","[REF1.3]Non-Cert. Informal/Basic Skills","Host Community Boys (Age 0-17) benefiting from life skills activities","TAFILAH","","ICCS","   Urban areas - ","Indirect appeal","UNICEF","Yes","3","1706",25,"# of benef","Liwa Qasabat at Tafilah","South",""
"1368","EDUCATION","01/01/2015","Access to Inclusive Education","[REF1.1]Formal Educ Prim/Secondary","Host Community Girls (Age 0-17) who benefit from remedial classes","TAFILAH","","ICCS","   Urban areas - ","Indirect appeal","UNICEF","Yes","3","1706",254,"# of benef","Liwa Qasabat at Tafilah","South",""
"1369","EDUCATION","01/01/2015","Access to Inclusive Education","[REF1.1]Formal Educ Prim/Secondary","Host Community Boys (Age 0-17) who benefit from remedial classes","TAFILAH","","ICCS","   Urban areas - ","Indirect appeal","UNICEF","Yes","3","1706",140,"# of benef","Liwa Qasabat at Tafilah","South",""
"1378","EDUCATION","01/01/2015","Access to Inclusive Education","[REF1.1]Formal Educ Prim/Secondary","# of newly recruited teachers and administrative staff mobilized to serve Syrian refugee children","ZARQA","","RI","Camp    - ","Indirect appeal","UNICEF","Yes","1","1712",55,"# of staff","Azraq Camp Village 3","North",""
"1380","EDUCATION","01/01/2015","Quality/Protective Learning Environs.","[REF2.1] PSS activities","Camps Syrian Girls (Age 0-17) benefitting from extra-curricular activities, recreation activities and sports that contribute to psychosocial well-being","ZARQA","","RI","Camp    - ","Indirect appeal","UNICEF","Yes","1","1712",32,"# of benef","Azraq Camp Village 3","North",""
"1382","EDUCATION","01/01/2015","Access to Inclusive Education","[REF1.3]Non-Cert. Informal/Basic Skills","Camps Syrian Girls (Age 0-17) benefiting from basic learning (literacy and numeracy)","ZARQA","","NRC","Camp    - ","Indirect appeal","UNICEF","Yes","1","1712",265,"# of benef","Emirati Jordanian Camp (EJC)","North",""
"1383","EDUCATION","01/01/2015","Quality/Protective Learning Environs.","[REF2.2]Training Edc. Service Providers","# of teachers, school supervisors, counsellors and other educational personnel trained","ZARQA","","NRC","Camp    - ","Direct appeal","UNICEF","Yes","1","1712",6,"# of staff","Emirati Jordanian Camp (EJC)","North",""
"1386","EDUCATION","01/01/2015","Access to Inclusive Education","[REF1.1]Formal Educ Prim/Secondary","Host Community Girls (Age 0-17) who benefit from remedial classes","ZARQA","","ICCS","   Urban areas - ","Indirect appeal","UNICEF","Yes","1","1712",120,"# of benef","Zarqa City","North",""
"1392","EDUCATION","01/01/2015","Access to Inclusive Education","[REF1.2]Cert. Alt/Non-Formal Education","Urban/Rural Syrian Girls (Age 0-17) benefiting from alternative education service such as non-formal education","ZARQA","","UPP","   Urban areas - ","Indirect appeal","UNICEF","Yes","1","1712",135,"# of benef","Zarqa City","North",""
"1394","EDUCATION","01/01/2015","Access to Inclusive Education","[REF1.1]Formal Educ Prim/Secondary","Urban/Rural Syrian Boys (Age 0-17) who benefit from remedial classes","ZARQA","","ICCS","   Urban areas - ","Indirect appeal","UNICEF","Yes","1","1712",25,"# of benef","Zarqa City","North",""
"1395","EDUCATION","01/01/2015","Access to Inclusive Education","[REF1.1]Formal Educ Prim/Secondary","Host Community Boys (Age 0-17) who benefit from remedial classes","ZARQA","","ICCS","   Urban areas - ","Indirect appeal","UNICEF","Yes","1","1712",50,"# of benef","Zarqa City","North",""
"1407","EDUCATION","01/01/2015","Access to Inclusive Education","[REF1.1]Formal Educ Prim/Secondary","Camps Syrian Girls (Age 0-17) who benefit from remedial classes","ZARQA","","RI","Camp    - ","Indirect appeal","UNICEF","Yes","1","1712",138,"# of benef","Azraq Camp Village 3","North",""
"1410","EDUCATION","01/01/2015","Quality/Protective Learning Environs.","[REF2.1] PSS activities","Camps Syrian Boys (Age 0-17) benefitting from extra-curricular activities, recreation activities and sports that contribute to psychosocial well-being","ZARQA","","RI","Camp    - ","Indirect appeal","UNICEF","Yes","1","1712",50,"# of benef","Azraq Camp Village 3","North",""
"1420","EDUCATION","01/01/2015","Access to Inclusive Education","[REF1.1]Formal Educ Prim/Secondary","Camps Syrian Boys (Age 0-17) who benefit from remedial classes","ZARQA","","RI","Camp    - ","Indirect appeal","UNICEF","Yes","1","1712",202,"# of benef","Azraq Camp Village 3","North",""
"1436","EDUCATION","01/01/2015","Access to Inclusive Education","[REF1.1]Formal Educ Prim/Secondary","Urban/Rural Syrian Girls (Age 0-17) who benefit from remedial classes","ZARQA","","ICCS","   Urban areas - ","Indirect appeal","UNICEF","Yes","1","1712",25,"# of benef","Zarqa City","North",""
"1445","EDUCATION","01/01/2015","Access to Inclusive Education","[REF1.3]Non-Cert. Informal/Basic Skills","Camps Syrian Boys (Age 0-17) benefiting from basic learning (literacy and numeracy)","ZARQA","","NRC","Camp    - ","Indirect appeal","UNICEF","Yes","1","1712",271,"# of benef","Emirati Jordanian Camp (EJC)","North",""
"1456","EDUCATION","01/01/2015","Access to Inclusive Education","[REF1.3]Non-Cert. Informal/Basic Skills","Camps Syrian Girls (Age 0-17) benefiting from technical skills/post-basic education","ZARQA","","NRC","Camp    - ","Indirect appeal","UNICEF","Yes","1","1712",89,"# of benef","Emirati Jordanian Camp (EJC)","North",""
"1462","EDUCATION","01/01/2015","Access to Inclusive Education","[REF1.3]Non-Cert. Informal/Basic Skills","Camps Syrian Boys (Age 0-17) benefiting from basic learning (literacy and numeracy)","ZARQA","","RI","Camp    - ","Indirect appeal","UNICEF","Yes","1","1712",50,"# of benef","Azraq Camp Village 3","North",""
"1465","EDUCATION","01/01/2015","Access to Inclusive Education","[REF1.3]Non-Cert. Informal/Basic Skills","Camps Syrian Boys (Age 0-17) benefiting from basic learning (literacy and numeracy)","ZARQA","","NRC","Camp    - ","Indirect appeal","UNICEF","Yes","1","1712",65,"# of benef","Azraq Camp Village 6","North",""
"1472","EDUCATION","01/01/2015","Access to Inclusive Education","[REF1.2]Cert. Alt/Non-Formal Education","Urban/Rural Syrian Boys (Age 0-17) benefiting from alternative education service such as non-formal education","ZARQA","","UPP","   Urban areas - ","Indirect appeal","UNICEF","Yes","1","1712",188,"# of benef","Zarqa City","North",""
"1479","EDUCATION","01/01/2015","Access to Inclusive Education","[REF1.3]Non-Cert. Informal/Basic Skills","Camps Syrian Girls (Age 0-17) benefiting from basic learning (literacy and numeracy)","ZARQA","","NRC","Camp    - ","Indirect appeal","UNICEF","Yes","1","1712",83,"# of benef","Azraq Camp Village 6","North",""
"1488","EDUCATION","01/01/2015","Quality/Protective Learning Environs.","[REF2.3]Essential Education Supplies","Camps Syrian Boys (Age 0-17) provided with individual education kits (school bags and stationery)","ZARQA","","NRC","Camp    - ","Indirect appeal","UNICEF","Yes","1","1712",56,"# of benef","Emirati Jordanian Camp (EJC)","North",""
"1509","EDUCATION","01/01/2015","Access to Inclusive Education","[REF1.3]Non-Cert. Informal/Basic Skills","Camps Syrian Boys (Age 0-17) benefiting from technical skills/post-basic education","ZARQA","","NRC","Camp    - ","Direct appeal","None - Fund direct from Donors","Yes","1","1712",23,"# of benef","Azraq Camp Village 3","North",""
"1515","EDUCATION","01/01/2015","Quality/Protective Learning Environs.","[REF2.2]Training Edc. Service Providers","# of teachers, school supervisors, counsellors and other educational personnel trained","ZARQA","","RI","Camp    - ","Indirect appeal","UNICEF","Yes","1","1712",55,"# of staff","Azraq Camp Village 3","North",""
"1516","EDUCATION","01/01/2015","Access to Inclusive Education","[REF1.3]Non-Cert. Informal/Basic Skills","Camps Syrian Girls (Age 0-17) benefiting from basic learning (literacy and numeracy)","ZARQA","","RI","Camp    - ","Indirect appeal","UNICEF","Yes","1","1712",32,"# of benef","Azraq Camp Village 3","North",""
"1523","EDUCATION","01/01/2015","Access to Inclusive Education","[REF1.3]Non-Cert. Informal/Basic Skills","Camps Syrian Boys (Age 0-17) benefiting from technical skills/post-basic education","ZARQA","","NRC","Camp    - ","Indirect appeal","UNICEF","Yes","1","1712",117,"# of benef","Emirati Jordanian Camp (EJC)","North",""
"1536","EDUCATION","01/01/2015","Access to Inclusive Education","[REF1.3]Non-Cert. Informal/Basic Skills","Camps Syrian Girls (Age 0-17) benefiting from basic learning (literacy and numeracy)","ZARQA","","FCA","Camp    - ","Direct appeal","None - Fund direct from Donors","Yes","1","1712",31,"# of benef","Azraq Camp Village 3","North",""
"1539","EDUCATION","01/01/2015","Quality/Protective Learning Environs.","[REF2.3]Essential Education Supplies","Camps Syrian Girls (Age 0-17) provided with individual education kits (school bags and stationery)","ZARQA","","NRC","Camp    - ","Indirect appeal","UNICEF","Yes","1","1712",41,"# of benef","Emirati Jordanian Camp (EJC)","North",""
"1549","EDUCATION","01/01/2015","Access to Inclusive Education","[REF1.3]Non-Cert. Informal/Basic Skills","Camps Syrian Boys (Age 0-17) benefiting from basic learning (literacy and numeracy)","ZARQA","","FCA","Camp    - ","Direct appeal","None - Fund direct from Donors","Yes","1","1712",24,"# of benef","Azraq Camp Village 3","North",""
