"","sector","StartDate","Category","activity","Indicator","Indicator2","Governorate","Gender","Partner","SiteType","appeal","Fundedby","allocation","rcode","gcode","Value","Units","location","region","poptype"
"11258","BASIC NEEDS","28/2/2015","Basic HH Needs are met","[REF1.1]Provision of NFIs/Vouchers (Camp)","Total Amount distributed this month in USD","Total Amount distributed this month in USD","ZaatariCamp","","NRC","Camp    - ","Indirect appeal","UNHCR","Yes","1","1711",3855,"USD","Zaatari Camp (all district)","North",""
"11332","BASIC NEEDS","30/4/2015","Basic HH Needs are met","[REF1.1]Provision of NFIs/Vouchers (Camp)","Total Amount distributed this month in USD","Total Amount distributed this month in USD","ZaatariCamp","","NRC","Camp    - ","Indirect appeal","UNHCR","Yes","1","1711",1974,"USD","Zaatari Camp (all district)","North",""
"11380","BASIC NEEDS","30/3/2015","Basic HH Needs are met","[REF1.1]Provision of NFIs/Vouchers (Camp)","Total Amount distributed this month in USD","Total Amount distributed this month in USD","ZaatariCamp","","NRC","Camp    - ","Indirect appeal","UNHCR","Yes","1","1711",2940,"USD","Zaatari Camp (all district)","North",""
"11462","BASIC NEEDS","30/1/2015","Basic HH Needs are met","[REF1.1]Provision of NFIs/Vouchers (Camp)","Total Amount distributed this month in USD","Total Amount distributed this month in USD","ZaatariCamp","","NRC","Camp    - ","Indirect appeal","UNHCR","Yes","1","1711",6692,"USD","Zaatari Camp (all district)","North",""
"13540","BASIC NEEDS","30/5/2015","Basic HH Needs are met","[REF1.1]Provision of NFIs/Vouchers (Camp)","Total Amount distributed this month in USD","Total Amount distributed this month in USD","ZaatariCamp","","NRC","Camp    - ","Indirect appeal","UNHCR","Yes","1","1711",2038.4,"USD","Zaatari Camp (all district)","North",""
"11719","BASIC NEEDS","28/2/2015","Basic HH Needs are met","[REF1.2]Provision of NFIs/Vouchers for Replen","Total Amount distributed this month in USD","Total Amount distributed this month in USD","ZaatariCamp","","NRC","Camp    - ","Indirect appeal","UNHCR","Yes","1","1711",1017895,"USD","Zaatari Camp (all district)","North",""
"13170","BASIC NEEDS","30/5/2015","Basic HH Needs are met","[REF1.2]Provision of NFIs/Vouchers for Replen","Total Amount distributed this month in USD","Total Amount distributed this month in USD","ZaatariCamp","","NRC","Camp    - ","Indirect appeal","UNHCR","Yes","1","1711",216199,"USD","Zaatari Camp (all district)","North",""
"14105","BASIC NEEDS","30/4/2015","Basic HH Needs are met","[REF1.2]Provision of NFIs/Vouchers for Replen","Total Amount distributed this month in USD","Total Amount distributed this month in USD","ZaatariCamp","","NRC","Camp    - ","Indirect appeal","UNHCR","Yes","1","1711",221560,"USD","Zaatari Camp (all district)","North",""
"574","BASIC NEEDS","30/4/2015","Basic HH Needs are met","[REF1.3]Cash,Vouchers for most vuln.","Total Amount distributed this month in USD","Total Amount distributed this month in USD","AJLOUN","","ACF","   Urban areas - ","Direct appeal","None - Fund direct from Donors","Yes","1","1701",72062,"USD","Ajlun Governorate","North",""
"629","BASIC NEEDS","30/5/2015","Basic HH Needs are met","[REF1.3]Cash,Vouchers for most vuln.","Total Amount distributed this month in USD","Total Amount distributed this month in USD","AJLOUN","","ACF","   Urban areas - ","Direct appeal","None - Fund direct from Donors","Yes","1","1701",68433,"USD","Ajlun Governorate","North",""
"399","BASIC NEEDS","30/1/2015","Basic HH Needs are met","[REF1.3]Cash,Vouchers for most vuln.","Total Amount distributed this month in USD","Total Amount distributed this month in USD","AJLOUN","","HI","  Other[Villages, Rural areas]Urban areas - ","Direct appeal","None - Fund direct from Donors","Yes","1","1701",1097,"USD","Ajlun Governorate","North",""
"713","BASIC NEEDS","30/3/2015","Basic HH Needs are met","[REF1.3]Cash,Vouchers for most vuln.","Total Amount distributed this month in USD","Total Amount distributed this month in USD","AJLOUN","","HI","  Other[Villages, Rural areas]Urban areas - ","Direct appeal","None - Fund direct from Donors","Yes","1","1701",2194,"USD","Ajlun Governorate","North",""
"740","BASIC NEEDS","28/2/2015","Basic HH Needs are met","[REF1.3]Cash,Vouchers for most vuln.","Total Amount distributed this month in USD","Total Amount distributed this month in USD","AJLOUN","","HI","  Other[Villages, Rural areas]Urban areas - ","Direct appeal","None - Fund direct from Donors","Yes","1","1701",2194,"USD","Ajlun Governorate","North",""
"424","BASIC NEEDS","28/2/2015","Basic HH Needs are met","[REF1.3]Cash,Vouchers for most vuln.","Total Amount distributed this month in USD","Total Amount distributed this month in USD","AJLOUN","","SCI","   Urban areas - ","Direct appeal","None - Fund direct from Donors","Yes","1","1701",290,"USD","Ajlun Governorate","North",""
"583","BASIC NEEDS","30/3/2015","Basic HH Needs are met","[REF1.3]Cash,Vouchers for most vuln.","Total Amount distributed this month in USD","Total Amount distributed this month in USD","AJLOUN","","SCI","   Urban areas - ","Direct appeal","None - Fund direct from Donors","Yes","1","1701",290,"USD","Ajlun Governorate","North",""
"53","BASIC NEEDS","30/1/2015","Basic HH Needs are met","[REF1.3]Cash,Vouchers for most vuln.","Total Amount distributed this month in USD","Total Amount distributed this month in USD","AJLOUN","","UNHCR","   Urban areas - ","Direct appeal","None - Fund direct from Donors","Yes","1","1701",30071,"USD","Ajlun Governorate","North",""
"169","BASIC NEEDS","28/2/2015","Basic HH Needs are met","[REF1.3]Cash,Vouchers for most vuln.","Total Amount distributed this month in USD","Total Amount distributed this month in USD","AJLOUN","","UNHCR","   Urban areas - ","Direct appeal","None - Fund direct from Donors","Yes","1","1701",28235,"USD","Ajlun Governorate","North",""
"254","BASIC NEEDS","30/3/2015","Basic HH Needs are met","[REF1.3]Cash,Vouchers for most vuln.","Total Amount distributed this month in USD","Total Amount distributed this month in USD","AJLOUN","","UNHCR","   Urban areas - ","Direct appeal","None - Fund direct from Donors","Yes","1","1701",35565,"USD","Ajlun Governorate","North",""
"408","BASIC NEEDS","30/5/2015","Basic HH Needs are met","[REF1.3]Cash,Vouchers for most vuln.","Total Amount distributed this month in USD","Total Amount distributed this month in USD","AJLOUN","","UNHCR","   Urban areas - ","Direct appeal","None - Fund direct from Donors","Yes","1","1701",36907,"USD","Ajlun Governorate","North",""
"616","BASIC NEEDS","30/4/2015","Basic HH Needs are met","[REF1.3]Cash,Vouchers for most vuln.","Total Amount distributed this month in USD","Total Amount distributed this month in USD","AJLOUN","","UNHCR","   Urban areas - ","Direct appeal","None - Fund direct from Donors","Yes","1","1701",36907,"USD","Ajlun Governorate","North",""
"62","BASIC NEEDS","30/4/2015","Basic HH Needs are met","[REF1.3]Cash,Vouchers for most vuln.","Total Amount distributed this month in USD","Total Amount distributed this month in USD","AJLOUN","","UNICEF","  Other[Villages, Rural areas]Urban areas - ","Direct appeal","None - Fund direct from Donors","Yes","1","1701",21949.15254,"USD","Ajlun Governorate","North",""
"186","BASIC NEEDS","28/2/2015","Basic HH Needs are met","[REF1.3]Cash,Vouchers for most vuln.","Total Amount distributed this month in USD","Total Amount distributed this month in USD","AJLOUN","","UNICEF","  Other[Villages, Rural areas]Urban areas - ","Direct appeal","None - Fund direct from Donors","Yes","1","1701",16299.44,"USD","Ajlun Governorate","North",""
"576","BASIC NEEDS","30/3/2015","Basic HH Needs are met","[REF1.3]Cash,Vouchers for most vuln.","Total Amount distributed this month in USD","Total Amount distributed this month in USD","AJLOUN","","UNICEF","  Other[Villages, Rural areas]Urban areas - ","Direct appeal","None - Fund direct from Donors","Yes","1","1701",21271.19,"USD","Ajlun Governorate","North",""
"911","BASIC NEEDS","30/4/2015","Basic HH Needs are met","[REF1.3]Cash,Vouchers for most vuln.","Total Amount distributed this month in USD","Total Amount distributed this month in USD","BALQA","","UNHCR","   Urban areas - ","Direct appeal","None - Fund direct from Donors","Yes","2","1702",122048,"USD","Al Balqa Governorate","Center",""
"1370","BASIC NEEDS","28/2/2015","Basic HH Needs are met","[REF1.3]Cash,Vouchers for most vuln.","Total Amount distributed this month in USD","Total Amount distributed this month in USD","BALQA","","UNHCR","   Urban areas - ","Direct appeal","None - Fund direct from Donors","Yes","2","1702",88602,"USD","Al Balqa Governorate","Center",""
"1625","BASIC NEEDS","30/3/2015","Basic HH Needs are met","[REF1.3]Cash,Vouchers for most vuln.","Total Amount distributed this month in USD","Total Amount distributed this month in USD","BALQA","","UNHCR","   Urban areas - ","Direct appeal","None - Fund direct from Donors","Yes","2","1702",113291,"USD","Al Balqa Governorate","Center",""
"1671","BASIC NEEDS","30/5/2015","Basic HH Needs are met","[REF1.3]Cash,Vouchers for most vuln.","Total Amount distributed this month in USD","Total Amount distributed this month in USD","BALQA","","UNHCR","   Urban areas - ","Direct appeal","None - Fund direct from Donors","Yes","2","1702",122048,"USD","Al Balqa Governorate","Center",""
"1727","BASIC NEEDS","30/1/2015","Basic HH Needs are met","[REF1.3]Cash,Vouchers for most vuln.","Total Amount distributed this month in USD","Total Amount distributed this month in USD","BALQA","","UNHCR","   Urban areas - ","Direct appeal","None - Fund direct from Donors","Yes","2","1702",92359,"USD","Al Balqa Governorate","Center",""
"1542","BASIC NEEDS","30/4/2015","Basic HH Needs are met","[REF1.3]Cash,Vouchers for most vuln.","Total Amount distributed this month in USD","Total Amount distributed this month in USD","BALQA","","UNICEF","  Other[Villages, Rural areas]Urban areas - ","Direct appeal","None - Fund direct from Donors","Yes","2","1702",71497.17514,"USD","Al Balqa Governorate","Center",""
"1553","BASIC NEEDS","30/3/2015","Basic HH Needs are met","[REF1.3]Cash,Vouchers for most vuln.","Total Amount distributed this month in USD","Total Amount distributed this month in USD","BALQA","","UNICEF","  Other[Villages, Rural areas]Urban areas - ","Direct appeal","None - Fund direct from Donors","Yes","2","1702",66977.4,"USD","Al Balqa Governorate","Center",""
"1565","BASIC NEEDS","28/2/2015","Basic HH Needs are met","[REF1.3]Cash,Vouchers for most vuln.","Total Amount distributed this month in USD","Total Amount distributed this month in USD","BALQA","","UNICEF","  Other[Villages, Rural areas]Urban areas - ","Direct appeal","None - Fund direct from Donors","Yes","2","1702",47683.62,"USD","Al Balqa Governorate","Center",""
"3178","BASIC NEEDS","28/2/2015","Basic HH Needs are met","[REF1.3]Cash,Vouchers for most vuln.","Total Amount distributed this month in USD","Total Amount distributed this month in USD","AMMAN","","HI","  Other[Villages, Rural areas]Urban areas - ","Direct appeal","None - Fund direct from Donors","Yes","2","1705",8046,"USD","Amman Governorate","Center",""
"3551","BASIC NEEDS","30/3/2015","Basic HH Needs are met","[REF1.3]Cash,Vouchers for most vuln.","Total Amount distributed this month in USD","Total Amount distributed this month in USD","AMMAN","","HI","  Other[Villages, Rural areas]Urban areas - ","Direct appeal","None - Fund direct from Donors","Yes","2","1705",8046,"USD","Amman Governorate","Center",""
"3804","BASIC NEEDS","30/1/2015","Basic HH Needs are met","[REF1.3]Cash,Vouchers for most vuln.","Total Amount distributed this month in USD","Total Amount distributed this month in USD","AMMAN","","HI","  Other[Villages, Rural areas]Urban areas - ","Direct appeal","None - Fund direct from Donors","Yes","2","1705",4023,"USD","Amman Governorate","Center",""
"2032","BASIC NEEDS","30/4/2015","Basic HH Needs are met","[REF1.3]Cash,Vouchers for most vuln.","Total Amount distributed this month in USD","Total Amount distributed this month in USD","AMMAN","","IFRC","   Urban areas - ","Appeal outside of 3RP","None - Fund direct from Donors","No","2","1705",60000,"USD","Amman Governorate","Center",""
"2517","BASIC NEEDS","28/2/2015","Basic HH Needs are met","[REF1.3]Cash,Vouchers for most vuln.","Total Amount distributed this month in USD","Total Amount distributed this month in USD","AMMAN","","IFRC","   Urban areas - ","Appeal outside of 3RP","None - Fund direct from Donors","No","2","1705",50901,"USD","Amman Governorate","Center",""
"2258","BASIC NEEDS","30/3/2015","Basic HH Needs are met","[REF1.3]Cash,Vouchers for most vuln.","Total Amount distributed this month in USD","Total Amount distributed this month in USD","AMMAN","","SCI","   Urban areas - ","Direct appeal","None - Fund direct from Donors","Yes","2","1705",94540,"USD","Amman Governorate","Center",""
"3854","BASIC NEEDS","28/2/2015","Basic HH Needs are met","[REF1.3]Cash,Vouchers for most vuln.","Total Amount distributed this month in USD","Total Amount distributed this month in USD","AMMAN","","SCI","   Urban areas - ","Direct appeal","None - Fund direct from Donors","Yes","2","1705",94540,"USD","Amman Governorate","Center",""
"2779","BASIC NEEDS","28/2/2015","Basic HH Needs are met","[REF1.3]Cash,Vouchers for most vuln.","Total Amount distributed this month in USD","Total Amount distributed this month in USD","AMMAN","","UNHCR","   Urban areas - ","Direct appeal","None - Fund direct from Donors","Yes","2","1705",832542,"USD","Amman Governorate","Center",""
"3260","BASIC NEEDS","30/5/2015","Basic HH Needs are met","[REF1.3]Cash,Vouchers for most vuln.","Total Amount distributed this month in USD","Total Amount distributed this month in USD","AMMAN","","UNHCR","   Urban areas - ","Direct appeal","None - Fund direct from Donors","Yes","2","1705",958905,"USD","Amman Governorate","Center",""
"3407","BASIC NEEDS","30/4/2015","Basic HH Needs are met","[REF1.3]Cash,Vouchers for most vuln.","Total Amount distributed this month in USD","Total Amount distributed this month in USD","AMMAN","","UNHCR","   Urban areas - ","Direct appeal","None - Fund direct from Donors","Yes","2","1705",958905,"USD","Amman Governorate","Center",""
"3502","BASIC NEEDS","30/1/2015","Basic HH Needs are met","[REF1.3]Cash,Vouchers for most vuln.","Total Amount distributed this month in USD","Total Amount distributed this month in USD","AMMAN","","UNHCR","   Urban areas - ","Direct appeal","None - Fund direct from Donors","Yes","2","1705",844640,"USD","Amman Governorate","Center",""
"3774","BASIC NEEDS","30/3/2015","Basic HH Needs are met","[REF1.3]Cash,Vouchers for most vuln.","Total Amount distributed this month in USD","Total Amount distributed this month in USD","AMMAN","","UNHCR","   Urban areas - ","Direct appeal","None - Fund direct from Donors","Yes","2","1705",915205,"USD","Amman Governorate","Center",""
"3102","BASIC NEEDS","30/3/2015","Basic HH Needs are met","[REF1.3]Cash,Vouchers for most vuln.","Total Amount distributed this month in USD","Total Amount distributed this month in USD","AMMAN","","UNICEF","  Other[Villages, Rural areas]Urban areas - ","Direct appeal","None - Fund direct from Donors","Yes","2","1705",455508.47,"USD","Amman Governorate","Center",""
"3716","BASIC NEEDS","28/2/2015","Basic HH Needs are met","[REF1.3]Cash,Vouchers for most vuln.","Total Amount distributed this month in USD","Total Amount distributed this month in USD","AMMAN","","UNICEF","  Other[Villages, Rural areas]Urban areas - ","Direct appeal","None - Fund direct from Donors","Yes","2","1705",358418.08,"USD","Amman Governorate","Center",""
"3800","BASIC NEEDS","30/4/2015","Basic HH Needs are met","[REF1.3]Cash,Vouchers for most vuln.","Total Amount distributed this month in USD","Total Amount distributed this month in USD","AMMAN","","UNICEF","  Other[Villages, Rural areas]Urban areas - ","Direct appeal","None - Fund direct from Donors","Yes","2","1705",480367.2316,"USD","Amman Governorate","Center",""
"4111","BASIC NEEDS","30/1/2015","Basic HH Needs are met","[REF1.3]Cash,Vouchers for most vuln.","Total Amount distributed this month in USD","Total Amount distributed this month in USD","AQABAH","","UNHCR","   Urban areas - ","Direct appeal","None - Fund direct from Donors","Yes","3","1703",4463,"USD","Aqaba Governorate","South",""
"4167","BASIC NEEDS","30/3/2015","Basic HH Needs are met","[REF1.3]Cash,Vouchers for most vuln.","Total Amount distributed this month in USD","Total Amount distributed this month in USD","AQABAH","","UNHCR","   Urban areas - ","Direct appeal","None - Fund direct from Donors","Yes","3","1703",8206,"USD","Aqaba Governorate","South",""
"4170","BASIC NEEDS","30/4/2015","Basic HH Needs are met","[REF1.3]Cash,Vouchers for most vuln.","Total Amount distributed this month in USD","Total Amount distributed this month in USD","AQABAH","","UNHCR","   Urban areas - ","Direct appeal","None - Fund direct from Donors","Yes","3","1703",9082,"USD","Aqaba Governorate","South",""
"4271","BASIC NEEDS","30/5/2015","Basic HH Needs are met","[REF1.3]Cash,Vouchers for most vuln.","Total Amount distributed this month in USD","Total Amount distributed this month in USD","AQABAH","","UNHCR","   Urban areas - ","Direct appeal","None - Fund direct from Donors","Yes","3","1703",9082,"USD","Aqaba Governorate","South",""
"4287","BASIC NEEDS","28/2/2015","Basic HH Needs are met","[REF1.3]Cash,Vouchers for most vuln.","Total Amount distributed this month in USD","Total Amount distributed this month in USD","AQABAH","","UNHCR","   Urban areas - ","Direct appeal","None - Fund direct from Donors","Yes","3","1703",4590,"USD","Aqaba Governorate","South",""
"4132","BASIC NEEDS","30/3/2015","Basic HH Needs are met","[REF1.3]Cash,Vouchers for most vuln.","Total Amount distributed this month in USD","Total Amount distributed this month in USD","AQABAH","","UNICEF","  Other[Villages, Rural areas]Urban areas - ","Direct appeal","None - Fund direct from Donors","Yes","3","1703",4180.79,"USD","Aqaba Governorate","South",""
"4149","BASIC NEEDS","28/2/2015","Basic HH Needs are met","[REF1.3]Cash,Vouchers for most vuln.","Total Amount distributed this month in USD","Total Amount distributed this month in USD","AQABAH","","UNICEF","  Other[Villages, Rural areas]Urban areas - ","Direct appeal","None - Fund direct from Donors","Yes","3","1703",2570.62,"USD","Aqaba Governorate","South",""
"4163","BASIC NEEDS","30/4/2015","Basic HH Needs are met","[REF1.3]Cash,Vouchers for most vuln.","Total Amount distributed this month in USD","Total Amount distributed this month in USD","AQABAH","","UNICEF","  Other[Villages, Rural areas]Urban areas - ","Direct appeal","None - Fund direct from Donors","Yes","3","1703",4745.762712,"USD","Aqaba Governorate","South",""
"6324","BASIC NEEDS","30/3/2015","Basic HH Needs are met","[REF1.3]Cash,Vouchers for most vuln.","Total Amount distributed this month in USD","Total Amount distributed this month in USD","IRBID","","IRC","   Urban areas - ","Direct appeal","None - Fund direct from Donors","Yes","1","1707",39939.5,"USD","Ar-Ramtha City","North",""
"6335","BASIC NEEDS","30/3/2015","Basic HH Needs are met","[REF1.3]Cash,Vouchers for most vuln.","Total Amount distributed this month in USD","Total Amount distributed this month in USD","IRBID","","IRC","   Urban areas - ","Direct appeal","None - Fund direct from Donors","Yes","1","1707",39939.5,"USD","Irbid City","North",""
"5963","BASIC NEEDS","30/1/2015","Basic HH Needs are met","[REF1.3]Cash,Vouchers for most vuln.","Total Amount distributed this month in USD","Total Amount distributed this month in USD","IRBID","","HI","  Other[Villages, Rural areas]Urban areas - ","Direct appeal","None - Fund direct from Donors","Yes","1","1707",43888,"USD","Irbid Governorate","North",""
"6925","BASIC NEEDS","30/3/2015","Basic HH Needs are met","[REF1.3]Cash,Vouchers for most vuln.","Total Amount distributed this month in USD","Total Amount distributed this month in USD","IRBID","","HI","  Other[Villages, Rural areas]Urban areas - ","Direct appeal","None - Fund direct from Donors","Yes","1","1707",87776,"USD","Irbid Governorate","North",""
"7043","BASIC NEEDS","28/2/2015","Basic HH Needs are met","[REF1.3]Cash,Vouchers for most vuln.","Total Amount distributed this month in USD","Total Amount distributed this month in USD","IRBID","","HI","  Other[Villages, Rural areas]Urban areas - ","Direct appeal","None - Fund direct from Donors","Yes","1","1707",87776,"USD","Irbid Governorate","North",""
"4384","BASIC NEEDS","28/2/2015","Basic HH Needs are met","[REF1.3]Cash,Vouchers for most vuln.","Total Amount distributed this month in USD","Total Amount distributed this month in USD","IRBID","","Intersos","   Urban areas - ","Direct appeal","None - Fund direct from Donors","Yes","1","1707",36045.2,"USD","Irbid Governorate","North",""
"4829","BASIC NEEDS","30/1/2015","Basic HH Needs are met","[REF1.3]Cash,Vouchers for most vuln.","Total Amount distributed this month in USD","Total Amount distributed this month in USD","IRBID","","Intersos","   Urban areas - ","Direct appeal","None - Fund direct from Donors","Yes","1","1707",36045.2,"USD","Irbid Governorate","North",""
"4544","BASIC NEEDS","30/5/2015","Basic HH Needs are met","[REF1.3]Cash,Vouchers for most vuln.","Total Amount distributed this month in USD","Total Amount distributed this month in USD","IRBID","","MEDAIR","  Other[Villages, Rural areas]Urban areas - ","Direct appeal","None - Fund direct from Donors","Yes","1","1707",27699,"USD","Irbid Governorate","North",""
"4960","BASIC NEEDS","28/2/2015","Basic HH Needs are met","[REF1.3]Cash,Vouchers for most vuln.","Total Amount distributed this month in USD","Total Amount distributed this month in USD","IRBID","","MEDAIR","  Other[Villages, Rural areas]Urban areas - ","Direct appeal","None - Fund direct from Donors","Yes","1","1707",54728,"USD","Irbid Governorate","North",""
"5663","BASIC NEEDS","30/6/2015","Basic HH Needs are met","[REF1.3]Cash,Vouchers for most vuln.","Total Amount distributed this month in USD","Total Amount distributed this month in USD","IRBID","","MEDAIR","  Other[Villages, Rural areas]Urban areas - ","Direct appeal","None - Fund direct from Donors","Yes","1","1707",55397,"USD","Irbid Governorate","North",""
"5680","BASIC NEEDS","30/1/2015","Basic HH Needs are met","[REF1.3]Cash,Vouchers for most vuln.","Total Amount distributed this month in USD","Total Amount distributed this month in USD","IRBID","","MEDAIR","  Other[Villages, Rural areas]Urban areas - ","Direct appeal","None - Fund direct from Donors","Yes","1","1707",54728,"USD","Irbid Governorate","North",""
"5985","BASIC NEEDS","30/3/2015","Basic HH Needs are met","[REF1.3]Cash,Vouchers for most vuln.","Total Amount distributed this month in USD","Total Amount distributed this month in USD","IRBID","","MEDAIR","  Other[Villages, Rural areas]Urban areas - ","Direct appeal","None - Fund direct from Donors","Yes","1","1707",36709,"USD","Irbid Governorate","North",""
"7243","BASIC NEEDS","30/4/2015","Basic HH Needs are met","[REF1.3]Cash,Vouchers for most vuln.","Total Amount distributed this month in USD","Total Amount distributed this month in USD","IRBID","","MEDAIR","  Other[Villages, Rural areas]Urban areas - ","Direct appeal","None - Fund direct from Donors","Yes","1","1707",27699,"USD","Irbid Governorate","North",""
"6699","BASIC NEEDS","30/3/2015","Basic HH Needs are met","[REF1.3]Cash,Vouchers for most vuln.","Total Amount distributed this month in USD","Total Amount distributed this month in USD","IRBID","","SCI","   Urban areas - ","Direct appeal","None - Fund direct from Donors","Yes","1","1707",64380,"USD","Irbid Governorate","North",""
"6700","BASIC NEEDS","28/2/2015","Basic HH Needs are met","[REF1.3]Cash,Vouchers for most vuln.","Total Amount distributed this month in USD","Total Amount distributed this month in USD","IRBID","","SCI","   Urban areas - ","Direct appeal","None - Fund direct from Donors","Yes","1","1707",64380,"USD","Irbid Governorate","North",""
"5767","BASIC NEEDS","30/5/2015","Basic HH Needs are met","[REF1.3]Cash,Vouchers for most vuln.","Total Amount distributed this month in USD","Total Amount distributed this month in USD","IRBID","","UNHCR","   Urban areas - ","Direct appeal","None - Fund direct from Donors","Yes","1","1707",886285,"USD","Irbid Governorate","North",""
"6119","BASIC NEEDS","30/1/2015","Basic HH Needs are met","[REF1.3]Cash,Vouchers for most vuln.","Total Amount distributed this month in USD","Total Amount distributed this month in USD","IRBID","","UNHCR","   Urban areas - ","Direct appeal","None - Fund direct from Donors","Yes","1","1707",824581,"USD","Irbid Governorate","North",""
"6466","BASIC NEEDS","28/2/2015","Basic HH Needs are met","[REF1.3]Cash,Vouchers for most vuln.","Total Amount distributed this month in USD","Total Amount distributed this month in USD","IRBID","","UNHCR","   Urban areas - ","Direct appeal","None - Fund direct from Donors","Yes","1","1707",793404,"USD","Irbid Governorate","North",""
"6467","BASIC NEEDS","30/3/2015","Basic HH Needs are met","[REF1.3]Cash,Vouchers for most vuln.","Total Amount distributed this month in USD","Total Amount distributed this month in USD","IRBID","","UNHCR","   Urban areas - ","Direct appeal","None - Fund direct from Donors","Yes","1","1707",850862,"USD","Irbid Governorate","North",""
"7967","BASIC NEEDS","30/4/2015","Basic HH Needs are met","[REF1.3]Cash,Vouchers for most vuln.","Total Amount distributed this month in USD","Total Amount distributed this month in USD","IRBID","","UNHCR","   Urban areas - ","Direct appeal","None - Fund direct from Donors","Yes","1","1707",886285,"USD","Irbid Governorate","North",""
"4329","BASIC NEEDS","30/4/2015","Basic HH Needs are met","[REF1.3]Cash,Vouchers for most vuln.","Total Amount distributed this month in USD","Total Amount distributed this month in USD","IRBID","","UNICEF","  Other[Villages, Rural areas]Urban areas - ","Direct appeal","None - Fund direct from Donors","Yes","1","1707",491694.9153,"USD","Irbid Governorate","North",""
"4882","BASIC NEEDS","30/3/2015","Basic HH Needs are met","[REF1.3]Cash,Vouchers for most vuln.","Total Amount distributed this month in USD","Total Amount distributed this month in USD","IRBID","","UNICEF","  Other[Villages, Rural areas]Urban areas - ","Direct appeal","None - Fund direct from Donors","Yes","1","1707",466016.95,"USD","Irbid Governorate","North",""
"5700","BASIC NEEDS","28/2/2015","Basic HH Needs are met","[REF1.3]Cash,Vouchers for most vuln.","Total Amount distributed this month in USD","Total Amount distributed this month in USD","IRBID","","UNICEF","  Other[Villages, Rural areas]Urban areas - ","Direct appeal","None - Fund direct from Donors","Yes","1","1707",393220.34,"USD","Irbid Governorate","North",""
"8438","BASIC NEEDS","30/1/2015","Basic HH Needs are met","[REF1.3]Cash,Vouchers for most vuln.","Total Amount distributed this month in USD","Total Amount distributed this month in USD","JARASH","","HI","  Other[Villages, Rural areas]Urban areas - ","Direct appeal","None - Fund direct from Donors","Yes","1","1708",3657,"USD","Jarash Governorate","North",""
"8512","BASIC NEEDS","30/3/2015","Basic HH Needs are met","[REF1.3]Cash,Vouchers for most vuln.","Total Amount distributed this month in USD","Total Amount distributed this month in USD","JARASH","","HI","  Other[Villages, Rural areas]Urban areas - ","Direct appeal","None - Fund direct from Donors","Yes","1","1708",4023,"USD","Jarash Governorate","North",""
"8624","BASIC NEEDS","28/2/2015","Basic HH Needs are met","[REF1.3]Cash,Vouchers for most vuln.","Total Amount distributed this month in USD","Total Amount distributed this month in USD","JARASH","","HI","  Other[Villages, Rural areas]Urban areas - ","Direct appeal","None - Fund direct from Donors","Yes","1","1708",4023,"USD","Jarash Governorate","North",""
"8616","BASIC NEEDS","30/3/2015","Basic HH Needs are met","[REF1.3]Cash,Vouchers for most vuln.","Total Amount distributed this month in USD","Total Amount distributed this month in USD","JARASH","","SCI","   Urban areas - ","Direct appeal","None - Fund direct from Donors","Yes","1","1708",870,"USD","Jarash Governorate","North",""
"8717","BASIC NEEDS","28/2/2015","Basic HH Needs are met","[REF1.3]Cash,Vouchers for most vuln.","Total Amount distributed this month in USD","Total Amount distributed this month in USD","JARASH","","SCI","   Urban areas - ","Direct appeal","None - Fund direct from Donors","Yes","1","1708",870,"USD","Jarash Governorate","North",""
"8149","BASIC NEEDS","30/1/2015","Basic HH Needs are met","[REF1.3]Cash,Vouchers for most vuln.","Total Amount distributed this month in USD","Total Amount distributed this month in USD","JARASH","","UNHCR","   Urban areas - ","Direct appeal","None - Fund direct from Donors","Yes","1","1708",32924,"USD","Jarash Governorate","North",""
"8155","BASIC NEEDS","28/2/2015","Basic HH Needs are met","[REF1.3]Cash,Vouchers for most vuln.","Total Amount distributed this month in USD","Total Amount distributed this month in USD","JARASH","","UNHCR","   Urban areas - ","Direct appeal","None - Fund direct from Donors","Yes","1","1708",31540,"USD","Jarash Governorate","North",""
"8265","BASIC NEEDS","30/3/2015","Basic HH Needs are met","[REF1.3]Cash,Vouchers for most vuln.","Total Amount distributed this month in USD","Total Amount distributed this month in USD","JARASH","","UNHCR","   Urban areas - ","Direct appeal","None - Fund direct from Donors","Yes","1","1708",45141,"USD","Jarash Governorate","North",""
"8555","BASIC NEEDS","30/5/2015","Basic HH Needs are met","[REF1.3]Cash,Vouchers for most vuln.","Total Amount distributed this month in USD","Total Amount distributed this month in USD","JARASH","","UNHCR","   Urban areas - ","Direct appeal","None - Fund direct from Donors","Yes","1","1708",53065,"USD","Jarash Governorate","North",""
"8814","BASIC NEEDS","30/4/2015","Basic HH Needs are met","[REF1.3]Cash,Vouchers for most vuln.","Total Amount distributed this month in USD","Total Amount distributed this month in USD","JARASH","","UNHCR","   Urban areas - ","Direct appeal","None - Fund direct from Donors","Yes","1","1708",53065,"USD","Jarash Governorate","North",""
"8611","BASIC NEEDS","28/2/2015","Basic HH Needs are met","[REF1.3]Cash,Vouchers for most vuln.","Total Amount distributed this month in USD","Total Amount distributed this month in USD","JARASH","","UNICEF","  Other[Villages, Rural areas]Urban areas - ","Direct appeal","None - Fund direct from Donors","Yes","1","1708",17175.14,"USD","Jarash Governorate","North",""
"8720","BASIC NEEDS","30/3/2015","Basic HH Needs are met","[REF1.3]Cash,Vouchers for most vuln.","Total Amount distributed this month in USD","Total Amount distributed this month in USD","JARASH","","UNICEF","  Other[Villages, Rural areas]Urban areas - ","Direct appeal","None - Fund direct from Donors","Yes","1","1708",29039.55,"USD","Jarash Governorate","North",""
"8723","BASIC NEEDS","30/4/2015","Basic HH Needs are met","[REF1.3]Cash,Vouchers for most vuln.","Total Amount distributed this month in USD","Total Amount distributed this month in USD","JARASH","","UNICEF","  Other[Villages, Rural areas]Urban areas - ","Direct appeal","None - Fund direct from Donors","Yes","1","1708",33248.58757,"USD","Jarash Governorate","North",""
"9201","BASIC NEEDS","30/3/2015","Basic HH Needs are met","[REF1.3]Cash,Vouchers for most vuln.","Total Amount distributed this month in USD","Total Amount distributed this month in USD","KARAK","","DRC","  Other[Villages, Rural areas]Urban areas - ","Direct appeal","None - Fund direct from Donors","Yes","3","1704",18954,"USD","Karak City","South",""
"9207","BASIC NEEDS","30/4/2015","Basic HH Needs are met","[REF1.3]Cash,Vouchers for most vuln.","Total Amount distributed this month in USD","Total Amount distributed this month in USD","KARAK","","DRC","  Other[Villages, Rural areas]Urban areas - ","Direct appeal","None - Fund direct from Donors","Yes","3","1704",19764,"USD","Karak City","South",""
"9479","BASIC NEEDS","30/5/2015","Basic HH Needs are met","[REF1.3]Cash,Vouchers for most vuln.","Total Amount distributed this month in USD","Total Amount distributed this month in USD","KARAK","","DRC","  Other[Villages, Rural areas]Urban areas - ","Direct appeal","None - Fund direct from Donors","Yes","3","1704",25843,"USD","Karak City","South",""
"8974","BASIC NEEDS","28/2/2015","Basic HH Needs are met","[REF1.3]Cash,Vouchers for most vuln.","Total Amount distributed this month in USD","Total Amount distributed this month in USD","KARAK","","SCI","   Urban areas - ","Direct appeal","None - Fund direct from Donors","Yes","3","1704",2610,"USD","Karak Governorate","South",""
"9349","BASIC NEEDS","30/3/2015","Basic HH Needs are met","[REF1.3]Cash,Vouchers for most vuln.","Total Amount distributed this month in USD","Total Amount distributed this month in USD","KARAK","","SCI","   Urban areas - ","Direct appeal","None - Fund direct from Donors","Yes","3","1704",2610,"USD","Karak Governorate","South",""
"8862","BASIC NEEDS","28/2/2015","Basic HH Needs are met","[REF1.3]Cash,Vouchers for most vuln.","Total Amount distributed this month in USD","Total Amount distributed this month in USD","KARAK","","UNHCR","   Urban areas - ","Direct appeal","None - Fund direct from Donors","Yes","3","1704",68065,"USD","Karak Governorate","South",""
"9118","BASIC NEEDS","30/4/2015","Basic HH Needs are met","[REF1.3]Cash,Vouchers for most vuln.","Total Amount distributed this month in USD","Total Amount distributed this month in USD","KARAK","","UNHCR","   Urban areas - ","Direct appeal","None - Fund direct from Donors","Yes","3","1704",77203,"USD","Karak Governorate","South",""
"9492","BASIC NEEDS","30/3/2015","Basic HH Needs are met","[REF1.3]Cash,Vouchers for most vuln.","Total Amount distributed this month in USD","Total Amount distributed this month in USD","KARAK","","UNHCR","   Urban areas - ","Direct appeal","None - Fund direct from Donors","Yes","3","1704",74068,"USD","Karak Governorate","South",""
"9589","BASIC NEEDS","30/5/2015","Basic HH Needs are met","[REF1.3]Cash,Vouchers for most vuln.","Total Amount distributed this month in USD","Total Amount distributed this month in USD","KARAK","","UNHCR","   Urban areas - ","Direct appeal","None - Fund direct from Donors","Yes","3","1704",77203,"USD","Karak Governorate","South",""
"9652","BASIC NEEDS","30/1/2015","Basic HH Needs are met","[REF1.3]Cash,Vouchers for most vuln.","Total Amount distributed this month in USD","Total Amount distributed this month in USD","KARAK","","UNHCR","   Urban areas - ","Direct appeal","None - Fund direct from Donors","Yes","3","1704",69343,"USD","Karak Governorate","South",""
"8913","BASIC NEEDS","30/4/2015","Basic HH Needs are met","[REF1.3]Cash,Vouchers for most vuln.","Total Amount distributed this month in USD","Total Amount distributed this month in USD","KARAK","","UNICEF","  Other[Villages, Rural areas]Urban areas - ","Direct appeal","None - Fund direct from Donors","Yes","3","1704",44463.27684,"USD","Karak Governorate","South",""
"9237","BASIC NEEDS","30/3/2015","Basic HH Needs are met","[REF1.3]Cash,Vouchers for most vuln.","Total Amount distributed this month in USD","Total Amount distributed this month in USD","KARAK","","UNICEF","  Other[Villages, Rural areas]Urban areas - ","Direct appeal","None - Fund direct from Donors","Yes","3","1704",42598.87,"USD","Karak Governorate","South",""
"9287","BASIC NEEDS","28/2/2015","Basic HH Needs are met","[REF1.3]Cash,Vouchers for most vuln.","Total Amount distributed this month in USD","Total Amount distributed this month in USD","KARAK","","UNICEF","  Other[Villages, Rural areas]Urban areas - ","Direct appeal","None - Fund direct from Donors","Yes","3","1704",32796.61,"USD","Karak Governorate","South",""
"14305","BASIC NEEDS","30/3/2015","Basic HH Needs are met","[REF1.3]Cash,Vouchers for most vuln.","Total Amount distributed this month in USD","Total Amount distributed this month in USD","MAFRAQ","","ACTED"," Informal Tented Settlement Urban areas - ","Indirect appeal","None - Fund direct from Donors","Yes","1","1711",183.5,"USD","Liwa al Badiyah ash Shamaliyah","North",""
"12830","BASIC NEEDS","28/2/2015","Basic HH Needs are met","[REF1.3]Cash,Vouchers for most vuln.","Total Amount distributed this month in USD","Total Amount distributed this month in USD","MAFRAQ","","ICMC","   Urban areas - ","Direct appeal","None - Fund direct from Donors","Yes","1","1711",19143,"USD","Liwa al Badiyah ash Shamaliyah","North",""
"12831","BASIC NEEDS","30/1/2015","Basic HH Needs are met","[REF1.3]Cash,Vouchers for most vuln.","Total Amount distributed this month in USD","Total Amount distributed this month in USD","MAFRAQ","","ICMC","   Urban areas - ","Direct appeal","None - Fund direct from Donors","Yes","1","1711",19143,"USD","Liwa al Badiyah ash Shamaliyah","North",""
"12882","BASIC NEEDS","30/3/2015","Basic HH Needs are met","[REF1.3]Cash,Vouchers for most vuln.","Total Amount distributed this month in USD","Total Amount distributed this month in USD","MAFRAQ","","ICMC","   Urban areas - ","Direct appeal","None - Fund direct from Donors","Yes","1","1711",5713.56,"USD","Liwa al Badiyah ash Shamaliyah","North",""
"14299","BASIC NEEDS","30/4/2015","Basic HH Needs are met","[REF1.3]Cash,Vouchers for most vuln.","Total Amount distributed this month in USD","Total Amount distributed this month in USD","MAFRAQ","","ICMC","   Urban areas - ","Direct appeal","None - Fund direct from Donors","Yes","1","1711",5713.56,"USD","Liwa al Badiyah ash Shamaliyah","North",""
"11565","BASIC NEEDS","30/3/2015","Basic HH Needs are met","[REF1.3]Cash,Vouchers for most vuln.","Total Amount distributed this month in USD","Total Amount distributed this month in USD","MAFRAQ","","ACTED"," Informal Tented Settlement Urban areas - ","Indirect appeal","None - Fund direct from Donors","Yes","1","1711",183.5,"USD","Liwa al Badiyah ash Shamaliyah al Gharbiyah","North",""
"5817","BASIC NEEDS","30/3/2015","Basic HH Needs are met","[REF1.3]Cash,Vouchers for most vuln.","Total Amount distributed this month in USD","Total Amount distributed this month in USD","IRBID","","ICMC","   Urban areas - ","Direct appeal","None - Fund direct from Donors","Yes","1","1707",927.48,"USD","Liwa al Kurah","North",""
"7558","BASIC NEEDS","28/2/2015","Basic HH Needs are met","[REF1.3]Cash,Vouchers for most vuln.","Total Amount distributed this month in USD","Total Amount distributed this month in USD","IRBID","","ICMC","   Urban areas - ","Direct appeal","None - Fund direct from Donors","Yes","1","1707",1845,"USD","Liwa al Kurah","North",""
"7756","BASIC NEEDS","30/4/2015","Basic HH Needs are met","[REF1.3]Cash,Vouchers for most vuln.","Total Amount distributed this month in USD","Total Amount distributed this month in USD","IRBID","","ICMC","   Urban areas - ","Direct appeal","None - Fund direct from Donors","Yes","1","1707",927.48,"USD","Liwa al Kurah","North",""
"8085","BASIC NEEDS","30/1/2015","Basic HH Needs are met","[REF1.3]Cash,Vouchers for most vuln.","Total Amount distributed this month in USD","Total Amount distributed this month in USD","IRBID","","ICMC","   Urban areas - ","Direct appeal","None - Fund direct from Donors","Yes","1","1707",1845,"USD","Liwa al Kurah","North",""
"4916","BASIC NEEDS","30/3/2015","Basic HH Needs are met","[REF1.3]Cash,Vouchers for most vuln.","Total Amount distributed this month in USD","Total Amount distributed this month in USD","IRBID","","ICMC","   Urban areas - ","Direct appeal","None - Fund direct from Donors","Yes","1","1707",318.6,"USD","Liwa al Mazar ash Shamali","North",""
"6019","BASIC NEEDS","30/1/2015","Basic HH Needs are met","[REF1.3]Cash,Vouchers for most vuln.","Total Amount distributed this month in USD","Total Amount distributed this month in USD","IRBID","","ICMC","   Urban areas - ","Direct appeal","None - Fund direct from Donors","Yes","1","1707",634,"USD","Liwa al Mazar ash Shamali","North",""
"6021","BASIC NEEDS","28/2/2015","Basic HH Needs are met","[REF1.3]Cash,Vouchers for most vuln.","Total Amount distributed this month in USD","Total Amount distributed this month in USD","IRBID","","ICMC","   Urban areas - ","Direct appeal","None - Fund direct from Donors","Yes","1","1707",634,"USD","Liwa al Mazar ash Shamali","North",""
"6024","BASIC NEEDS","30/4/2015","Basic HH Needs are met","[REF1.3]Cash,Vouchers for most vuln.","Total Amount distributed this month in USD","Total Amount distributed this month in USD","IRBID","","ICMC","   Urban areas - ","Direct appeal","None - Fund direct from Donors","Yes","1","1707",318.6,"USD","Liwa al Mazar ash Shamali","North",""
"5437","BASIC NEEDS","28/2/2015","Basic HH Needs are met","[REF1.3]Cash,Vouchers for most vuln.","Total Amount distributed this month in USD","Total Amount distributed this month in USD","IRBID","","ICMC","   Urban areas - ","Direct appeal","None - Fund direct from Donors","Yes","1","1707",889,"USD","Liwa al Wasatiyah","North",""
"6887","BASIC NEEDS","30/1/2015","Basic HH Needs are met","[REF1.3]Cash,Vouchers for most vuln.","Total Amount distributed this month in USD","Total Amount distributed this month in USD","IRBID","","ICMC","   Urban areas - ","Direct appeal","None - Fund direct from Donors","Yes","1","1707",889,"USD","Liwa al Wasatiyah","North",""
"4444","BASIC NEEDS","30/3/2015","Basic HH Needs are met","[REF1.3]Cash,Vouchers for most vuln.","Total Amount distributed this month in USD","Total Amount distributed this month in USD","IRBID","","ACF","  Other[Villages, Rural areas]  - ","Direct appeal","None - Fund direct from Donors","Yes","1","1707",94061,"USD","Liwa ar Ramtha","North",""
"5120","BASIC NEEDS","30/4/2015","Basic HH Needs are met","[REF1.3]Cash,Vouchers for most vuln.","Total Amount distributed this month in USD","Total Amount distributed this month in USD","IRBID","","ACF","  Other[Villages, Rural areas]  - ","Direct appeal","None - Fund direct from Donors","Yes","1","1707",73305,"USD","Liwa ar Ramtha","North",""
"5575","BASIC NEEDS","28/2/2015","Basic HH Needs are met","[REF1.3]Cash,Vouchers for most vuln.","Total Amount distributed this month in USD","Total Amount distributed this month in USD","IRBID","","ACF","  Other[Villages, Rural areas]  - ","Direct appeal","None - Fund direct from Donors","Yes","1","1707",48093,"USD","Liwa ar Ramtha","North",""
"6615","BASIC NEEDS","30/3/2015","Basic HH Needs are met","[REF1.3]Cash,Vouchers for most vuln.","Total Amount distributed this month in USD","Total Amount distributed this month in USD","IRBID","","ICMC","   Urban areas - ","Direct appeal","None - Fund direct from Donors","Yes","1","1707",2973.6,"USD","Liwa ar Ramtha","North",""
"6919","BASIC NEEDS","28/2/2015","Basic HH Needs are met","[REF1.3]Cash,Vouchers for most vuln.","Total Amount distributed this month in USD","Total Amount distributed this month in USD","IRBID","","ICMC","   Urban areas - ","Direct appeal","None - Fund direct from Donors","Yes","1","1707",6424,"USD","Liwa ar Ramtha","North",""
"7360","BASIC NEEDS","30/4/2015","Basic HH Needs are met","[REF1.3]Cash,Vouchers for most vuln.","Total Amount distributed this month in USD","Total Amount distributed this month in USD","IRBID","","ICMC","   Urban areas - ","Direct appeal","None - Fund direct from Donors","Yes","1","1707",2973.6,"USD","Liwa ar Ramtha","North",""
"7396","BASIC NEEDS","30/1/2015","Basic HH Needs are met","[REF1.3]Cash,Vouchers for most vuln.","Total Amount distributed this month in USD","Total Amount distributed this month in USD","IRBID","","ICMC","   Urban areas - ","Direct appeal","None - Fund direct from Donors","Yes","1","1707",6424,"USD","Liwa ar Ramtha","North",""
"4672","BASIC NEEDS","30/3/2015","Basic HH Needs are met","[REF1.3]Cash,Vouchers for most vuln.","Total Amount distributed this month in USD","Total Amount distributed this month in USD","IRBID","","SCI","   Urban areas - ","Direct appeal","None - Fund direct from Donors","Yes","1","1707",118900,"USD","Liwa ar Ramtha","North",""
"6869","BASIC NEEDS","28/2/2015","Basic HH Needs are met","[REF1.3]Cash,Vouchers for most vuln.","Total Amount distributed this month in USD","Total Amount distributed this month in USD","IRBID","","SCI","   Urban areas - ","Direct appeal","None - Fund direct from Donors","Yes","1","1707",118900,"USD","Liwa ar Ramtha","North",""
"6851","BASIC NEEDS","30/1/2015","Basic HH Needs are met","[REF1.3]Cash,Vouchers for most vuln.","Total Amount distributed this month in USD","Total Amount distributed this month in USD","IRBID","","ICMC","   Urban areas - ","Direct appeal","None - Fund direct from Donors","Yes","1","1707",1183,"USD","Liwa Bani Kinanah","North",""
"6962","BASIC NEEDS","28/2/2015","Basic HH Needs are met","[REF1.3]Cash,Vouchers for most vuln.","Total Amount distributed this month in USD","Total Amount distributed this month in USD","IRBID","","ICMC","   Urban areas - ","Direct appeal","None - Fund direct from Donors","Yes","1","1707",1183,"USD","Liwa Bani Kinanah","North",""
"7091","BASIC NEEDS","30/4/2015","Basic HH Needs are met","[REF1.3]Cash,Vouchers for most vuln.","Total Amount distributed this month in USD","Total Amount distributed this month in USD","IRBID","","ICMC","   Urban areas - ","Direct appeal","None - Fund direct from Donors","Yes","1","1707",594.72,"USD","Liwa Bani Kinanah","North",""
"7208","BASIC NEEDS","30/3/2015","Basic HH Needs are met","[REF1.3]Cash,Vouchers for most vuln.","Total Amount distributed this month in USD","Total Amount distributed this month in USD","IRBID","","ICMC","   Urban areas - ","Direct appeal","None - Fund direct from Donors","Yes","1","1707",594.72,"USD","Liwa Bani Kinanah","North",""
"10153","BASIC NEEDS","30/1/2015","Basic HH Needs are met","[REF1.3]Cash,Vouchers for most vuln.","Total Amount distributed this month in USD","Total Amount distributed this month in USD","MADABA","","ICMC","   Urban areas - ","Direct appeal","None - Fund direct from Donors","Yes","2","1710",606,"USD","Liwa Dhiban","Center",""
"10176","BASIC NEEDS","28/2/2015","Basic HH Needs are met","[REF1.3]Cash,Vouchers for most vuln.","Total Amount distributed this month in USD","Total Amount distributed this month in USD","MADABA","","ICMC","   Urban areas - ","Direct appeal","None - Fund direct from Donors","Yes","2","1710",606,"USD","Liwa Dhiban","Center",""
"10179","BASIC NEEDS","30/3/2015","Basic HH Needs are met","[REF1.3]Cash,Vouchers for most vuln.","Total Amount distributed this month in USD","Total Amount distributed this month in USD","MADABA","","ICMC","   Urban areas - ","Direct appeal","None - Fund direct from Donors","Yes","2","1710",92.04,"USD","Liwa Dhiban","Center",""
"10182","BASIC NEEDS","30/4/2015","Basic HH Needs are met","[REF1.3]Cash,Vouchers for most vuln.","Total Amount distributed this month in USD","Total Amount distributed this month in USD","MADABA","","ICMC","   Urban areas - ","Direct appeal","None - Fund direct from Donors","Yes","2","1710",92.04,"USD","Liwa Dhiban","Center",""
"68","BASIC NEEDS","28/2/2015","Basic HH Needs are met","[REF1.3]Cash,Vouchers for most vuln.","Total Amount distributed this month in USD","Total Amount distributed this month in USD","AJLOUN","","ICMC","   Urban areas - ","Direct appeal","None - Fund direct from Donors","Yes","1","1701",424,"USD","Liwa Qasabah Kufranjah","North",""
"136","BASIC NEEDS","30/3/2015","Basic HH Needs are met","[REF1.3]Cash,Vouchers for most vuln.","Total Amount distributed this month in USD","Total Amount distributed this month in USD","AJLOUN","","ICMC","   Urban areas - ","Direct appeal","None - Fund direct from Donors","Yes","1","1701",106.2,"USD","Liwa Qasabah Kufranjah","North",""
"188","BASIC NEEDS","30/1/2015","Basic HH Needs are met","[REF1.3]Cash,Vouchers for most vuln.","Total Amount distributed this month in USD","Total Amount distributed this month in USD","AJLOUN","","ICMC","   Urban areas - ","Direct appeal","None - Fund direct from Donors","Yes","1","1701",424,"USD","Liwa Qasabah Kufranjah","North",""
"307","BASIC NEEDS","30/4/2015","Basic HH Needs are met","[REF1.3]Cash,Vouchers for most vuln.","Total Amount distributed this month in USD","Total Amount distributed this month in USD","AJLOUN","","ICMC","   Urban areas - ","Direct appeal","None - Fund direct from Donors","Yes","1","1701",106.2,"USD","Liwa Qasabah Kufranjah","North",""
"85","BASIC NEEDS","30/4/2015","Basic HH Needs are met","[REF1.3]Cash,Vouchers for most vuln.","Total Amount distributed this month in USD","Total Amount distributed this month in USD","AJLOUN","","ICMC","   Urban areas - ","Direct appeal","None - Fund direct from Donors","Yes","1","1701",686.76,"USD","Liwa Qasabat Ajlun","North",""
"603","BASIC NEEDS","28/2/2015","Basic HH Needs are met","[REF1.3]Cash,Vouchers for most vuln.","Total Amount distributed this month in USD","Total Amount distributed this month in USD","AJLOUN","","ICMC","   Urban areas - ","Direct appeal","None - Fund direct from Donors","Yes","1","1701",1366,"USD","Liwa Qasabat Ajlun","North",""
"605","BASIC NEEDS","30/1/2015","Basic HH Needs are met","[REF1.3]Cash,Vouchers for most vuln.","Total Amount distributed this month in USD","Total Amount distributed this month in USD","AJLOUN","","ICMC","   Urban areas - ","Direct appeal","None - Fund direct from Donors","Yes","1","1701",1366,"USD","Liwa Qasabat Ajlun","North",""
"690","BASIC NEEDS","30/3/2015","Basic HH Needs are met","[REF1.3]Cash,Vouchers for most vuln.","Total Amount distributed this month in USD","Total Amount distributed this month in USD","AJLOUN","","ICMC","   Urban areas - ","Direct appeal","None - Fund direct from Donors","Yes","1","1701",686.76,"USD","Liwa Qasabat Ajlun","North",""
"11351","BASIC NEEDS","30/3/2015","Basic HH Needs are met","[REF1.3]Cash,Vouchers for most vuln.","Total Amount distributed this month in USD","Total Amount distributed this month in USD","MAFRAQ","","ACTED"," Informal Tented Settlement Urban areas - ","Indirect appeal","None - Fund direct from Donors","Yes","1","1711",3301.75,"USD","Liwa Qasabat al Mafraq","North",""
"13869","BASIC NEEDS","30/3/2015","Basic HH Needs are met","[REF1.3]Cash,Vouchers for most vuln.","Total Amount distributed this month in USD","Total Amount distributed this month in USD","MAFRAQ","","ICMC","   Urban areas - ","Direct appeal","None - Fund direct from Donors","Yes","1","1711",1104.48,"USD","Liwa Qasabat al Mafraq","North",""
"14071","BASIC NEEDS","30/4/2015","Basic HH Needs are met","[REF1.3]Cash,Vouchers for most vuln.","Total Amount distributed this month in USD","Total Amount distributed this month in USD","MAFRAQ","","ICMC","   Urban areas - ","Direct appeal","None - Fund direct from Donors","Yes","1","1711",1104.48,"USD","Liwa Qasabat al Mafraq","North",""
"14287","BASIC NEEDS","30/1/2015","Basic HH Needs are met","[REF1.3]Cash,Vouchers for most vuln.","Total Amount distributed this month in USD","Total Amount distributed this month in USD","MAFRAQ","","ICMC","   Urban areas - ","Direct appeal","None - Fund direct from Donors","Yes","1","1711",3983,"USD","Liwa Qasabat al Mafraq","North",""
"14309","BASIC NEEDS","28/2/2015","Basic HH Needs are met","[REF1.3]Cash,Vouchers for most vuln.","Total Amount distributed this month in USD","Total Amount distributed this month in USD","MAFRAQ","","ICMC","   Urban areas - ","Direct appeal","None - Fund direct from Donors","Yes","1","1711",3983,"USD","Liwa Qasabat al Mafraq","North",""
"3017","BASIC NEEDS","28/2/2015","Basic HH Needs are met","[REF1.3]Cash,Vouchers for most vuln.","Total Amount distributed this month in USD","Total Amount distributed this month in USD","AMMAN","","DRC","   Urban areas - ","Direct appeal","None - Fund direct from Donors","Yes","2","1705",47628,"USD","Liwa Qasabat Amman","Center",""
"3589","BASIC NEEDS","30/4/2015","Basic HH Needs are met","[REF1.3]Cash,Vouchers for most vuln.","Total Amount distributed this month in USD","Total Amount distributed this month in USD","AMMAN","","DRC","   Urban areas - ","Direct appeal","None - Fund direct from Donors","Yes","2","1705",65320,"USD","Liwa Qasabat Amman","Center",""
"3642","BASIC NEEDS","30/5/2015","Basic HH Needs are met","[REF1.3]Cash,Vouchers for most vuln.","Total Amount distributed this month in USD","Total Amount distributed this month in USD","AMMAN","","DRC","   Urban areas - ","Direct appeal","None - Fund direct from Donors","Yes","2","1705",109060,"USD","Liwa Qasabat Amman","Center",""
"3811","BASIC NEEDS","30/3/2015","Basic HH Needs are met","[REF1.3]Cash,Vouchers for most vuln.","Total Amount distributed this month in USD","Total Amount distributed this month in USD","AMMAN","","DRC","   Urban areas - ","Direct appeal","None - Fund direct from Donors","Yes","2","1705",68364,"USD","Liwa Qasabat Amman","Center",""
"1178","BASIC NEEDS","28/2/2015","Basic HH Needs are met","[REF1.3]Cash,Vouchers for most vuln.","Total Amount distributed this month in USD","Total Amount distributed this month in USD","BALQA","","ICMC","   Urban areas - ","Direct appeal","None - Fund direct from Donors","Yes","2","1702",859,"USD","Liwa Qasabat As Salt","Center",""
"1262","BASIC NEEDS","30/1/2015","Basic HH Needs are met","[REF1.3]Cash,Vouchers for most vuln.","Total Amount distributed this month in USD","Total Amount distributed this month in USD","BALQA","","ICMC","   Urban areas - ","Direct appeal","None - Fund direct from Donors","Yes","2","1702",859,"USD","Liwa Qasabat As Salt","Center",""
"1453","BASIC NEEDS","30/3/2015","Basic HH Needs are met","[REF1.3]Cash,Vouchers for most vuln.","Total Amount distributed this month in USD","Total Amount distributed this month in USD","BALQA","","ICMC","   Urban areas - ","Direct appeal","None - Fund direct from Donors","Yes","2","1702",177,"USD","Liwa Qasabat As Salt","Center",""
"1513","BASIC NEEDS","30/4/2015","Basic HH Needs are met","[REF1.3]Cash,Vouchers for most vuln.","Total Amount distributed this month in USD","Total Amount distributed this month in USD","BALQA","","ICMC","   Urban areas - ","Direct appeal","None - Fund direct from Donors","Yes","2","1702",177,"USD","Liwa Qasabat As Salt","Center",""
"4853","BASIC NEEDS","28/2/2015","Basic HH Needs are met","[REF1.3]Cash,Vouchers for most vuln.","Total Amount distributed this month in USD","Total Amount distributed this month in USD","IRBID","","ICMC","   Urban areas - ","Direct appeal","None - Fund direct from Donors","Yes","1","1707",648,"USD","Liwa Qasabat Irbid","North",""
"6303","BASIC NEEDS","30/1/2015","Basic HH Needs are met","[REF1.3]Cash,Vouchers for most vuln.","Total Amount distributed this month in USD","Total Amount distributed this month in USD","IRBID","","ICMC","   Urban areas - ","Direct appeal","None - Fund direct from Donors","Yes","1","1707",648,"USD","Liwa Qasabat Irbid","North",""
"7066","BASIC NEEDS","30/4/2015","Basic HH Needs are met","[REF1.3]Cash,Vouchers for most vuln.","Total Amount distributed this month in USD","Total Amount distributed this month in USD","IRBID","","ICMC","   Urban areas - ","Direct appeal","None - Fund direct from Donors","Yes","1","1707",198.24,"USD","Liwa Qasabat Irbid","North",""
"7319","BASIC NEEDS","30/3/2015","Basic HH Needs are met","[REF1.3]Cash,Vouchers for most vuln.","Total Amount distributed this month in USD","Total Amount distributed this month in USD","IRBID","","ICMC","   Urban areas - ","Direct appeal","None - Fund direct from Donors","Yes","1","1707",198.24,"USD","Liwa Qasabat Irbid","North",""
"8180","BASIC NEEDS","30/3/2015","Basic HH Needs are met","[REF1.3]Cash,Vouchers for most vuln.","Total Amount distributed this month in USD","Total Amount distributed this month in USD","JARASH","","ICMC","   Urban areas - ","Direct appeal","None - Fund direct from Donors","Yes","1","1708",1975.32,"USD","Liwa Qasabat Jarash","North",""
"8211","BASIC NEEDS","30/4/2015","Basic HH Needs are met","[REF1.3]Cash,Vouchers for most vuln.","Total Amount distributed this month in USD","Total Amount distributed this month in USD","JARASH","","ICMC","   Urban areas - ","Direct appeal","None - Fund direct from Donors","Yes","1","1708",1975.32,"USD","Liwa Qasabat Jarash","North",""
"8654","BASIC NEEDS","28/2/2015","Basic HH Needs are met","[REF1.3]Cash,Vouchers for most vuln.","Total Amount distributed this month in USD","Total Amount distributed this month in USD","JARASH","","ICMC","   Urban areas - ","Direct appeal","None - Fund direct from Donors","Yes","1","1708",3930,"USD","Liwa Qasabat Jarash","North",""
"8846","BASIC NEEDS","30/1/2015","Basic HH Needs are met","[REF1.3]Cash,Vouchers for most vuln.","Total Amount distributed this month in USD","Total Amount distributed this month in USD","JARASH","","ICMC","   Urban areas - ","Direct appeal","None - Fund direct from Donors","Yes","1","1708",3930,"USD","Liwa Qasabat Jarash","North",""
"9934","BASIC NEEDS","30/1/2015","Basic HH Needs are met","[REF1.3]Cash,Vouchers for most vuln.","Total Amount distributed this month in USD","Total Amount distributed this month in USD","MAAN","","DRC","  Other[Villages, Rural areas]Urban areas - ","Direct appeal","None - Fund direct from Donors","Yes","3","1709",162,"USD","Maan City","South",""
"9960","BASIC NEEDS","28/2/2015","Basic HH Needs are met","[REF1.3]Cash,Vouchers for most vuln.","Total Amount distributed this month in USD","Total Amount distributed this month in USD","MAAN","","DRC","  Other[Villages, Rural areas]Urban areas - ","Direct appeal","None - Fund direct from Donors","Yes","3","1709",162,"USD","Maan City","South",""
"10051","BASIC NEEDS","30/3/2015","Basic HH Needs are met","[REF1.3]Cash,Vouchers for most vuln.","Total Amount distributed this month in USD","Total Amount distributed this month in USD","MAAN","","DRC","  Other[Villages, Rural areas]Urban areas - ","Direct appeal","None - Fund direct from Donors","Yes","3","1709",162,"USD","Maan City","South",""
"9724","BASIC NEEDS","28/2/2015","Basic HH Needs are met","[REF1.3]Cash,Vouchers for most vuln.","Total Amount distributed this month in USD","Total Amount distributed this month in USD","MAAN","","SCI","   Urban areas - ","Direct appeal","None - Fund direct from Donors","Yes","3","1709",12760,"USD","Maan Governorate","South",""
"9772","BASIC NEEDS","30/3/2015","Basic HH Needs are met","[REF1.3]Cash,Vouchers for most vuln.","Total Amount distributed this month in USD","Total Amount distributed this month in USD","MAAN","","SCI","   Urban areas - ","Direct appeal","None - Fund direct from Donors","Yes","3","1709",12760,"USD","Maan Governorate","South",""
"9695","BASIC NEEDS","30/1/2015","Basic HH Needs are met","[REF1.3]Cash,Vouchers for most vuln.","Total Amount distributed this month in USD","Total Amount distributed this month in USD","MAAN","","UNHCR","   Urban areas - ","Direct appeal","None - Fund direct from Donors","Yes","3","1709",45565,"USD","Maan Governorate","South",""
"9703","BASIC NEEDS","30/4/2015","Basic HH Needs are met","[REF1.3]Cash,Vouchers for most vuln.","Total Amount distributed this month in USD","Total Amount distributed this month in USD","MAAN","","UNHCR","   Urban areas - ","Direct appeal","None - Fund direct from Donors","Yes","3","1709",47218,"USD","Maan Governorate","South",""
"9928","BASIC NEEDS","28/2/2015","Basic HH Needs are met","[REF1.3]Cash,Vouchers for most vuln.","Total Amount distributed this month in USD","Total Amount distributed this month in USD","MAAN","","UNHCR","   Urban areas - ","Direct appeal","None - Fund direct from Donors","Yes","3","1709",45099,"USD","Maan Governorate","South",""
"10061","BASIC NEEDS","30/5/2015","Basic HH Needs are met","[REF1.3]Cash,Vouchers for most vuln.","Total Amount distributed this month in USD","Total Amount distributed this month in USD","MAAN","","UNHCR","   Urban areas - ","Direct appeal","None - Fund direct from Donors","Yes","3","1709",47218,"USD","Maan Governorate","South",""
"10062","BASIC NEEDS","30/3/2015","Basic HH Needs are met","[REF1.3]Cash,Vouchers for most vuln.","Total Amount distributed this month in USD","Total Amount distributed this month in USD","MAAN","","UNHCR","   Urban areas - ","Direct appeal","None - Fund direct from Donors","Yes","3","1709",44929,"USD","Maan Governorate","South",""
"9837","BASIC NEEDS","28/2/2015","Basic HH Needs are met","[REF1.3]Cash,Vouchers for most vuln.","Total Amount distributed this month in USD","Total Amount distributed this month in USD","MAAN","","UNICEF","  Other[Villages, Rural areas]Urban areas - ","Direct appeal","None - Fund direct from Donors","Yes","3","1709",17457.63,"USD","Maan Governorate","South",""
"9920","BASIC NEEDS","30/4/2015","Basic HH Needs are met","[REF1.3]Cash,Vouchers for most vuln.","Total Amount distributed this month in USD","Total Amount distributed this month in USD","MAAN","","UNICEF","  Other[Villages, Rural areas]Urban areas - ","Direct appeal","None - Fund direct from Donors","Yes","3","1709",25734.46328,"USD","Maan Governorate","South",""
"9962","BASIC NEEDS","30/3/2015","Basic HH Needs are met","[REF1.3]Cash,Vouchers for most vuln.","Total Amount distributed this month in USD","Total Amount distributed this month in USD","MAAN","","UNICEF","  Other[Villages, Rural areas]Urban areas - ","Direct appeal","None - Fund direct from Donors","Yes","3","1709",24378.53,"USD","Maan Governorate","South",""
"10240","BASIC NEEDS","30/3/2015","Basic HH Needs are met","[REF1.3]Cash,Vouchers for most vuln.","Total Amount distributed this month in USD","Total Amount distributed this month in USD","MADABA","","SCI","   Urban areas - ","Direct appeal","None - Fund direct from Donors","Yes","2","1710",16820,"USD","Madaba Governorate","Center",""
"10248","BASIC NEEDS","28/2/2015","Basic HH Needs are met","[REF1.3]Cash,Vouchers for most vuln.","Total Amount distributed this month in USD","Total Amount distributed this month in USD","MADABA","","SCI","   Urban areas - ","Direct appeal","None - Fund direct from Donors","Yes","2","1710",16820,"USD","Madaba Governorate","Center",""
"10452","BASIC NEEDS","30/5/2015","Basic HH Needs are met","[REF1.3]Cash,Vouchers for most vuln.","Total Amount distributed this month in USD","Total Amount distributed this month in USD","MADABA","","UNHCR","   Urban areas - ","Direct appeal","None - Fund direct from Donors","Yes","2","1710",41540,"USD","Madaba Governorate","Center",""
"10492","BASIC NEEDS","28/2/2015","Basic HH Needs are met","[REF1.3]Cash,Vouchers for most vuln.","Total Amount distributed this month in USD","Total Amount distributed this month in USD","MADABA","","UNHCR","   Urban areas - ","Direct appeal","None - Fund direct from Donors","Yes","2","1710",34816,"USD","Madaba Governorate","Center",""
"10586","BASIC NEEDS","30/3/2015","Basic HH Needs are met","[REF1.3]Cash,Vouchers for most vuln.","Total Amount distributed this month in USD","Total Amount distributed this month in USD","MADABA","","UNHCR","   Urban areas - ","Direct appeal","None - Fund direct from Donors","Yes","2","1710",41172,"USD","Madaba Governorate","Center",""
"10588","BASIC NEEDS","30/4/2015","Basic HH Needs are met","[REF1.3]Cash,Vouchers for most vuln.","Total Amount distributed this month in USD","Total Amount distributed this month in USD","MADABA","","UNHCR","   Urban areas - ","Direct appeal","None - Fund direct from Donors","Yes","2","1710",41540,"USD","Madaba Governorate","Center",""
"10615","BASIC NEEDS","30/1/2015","Basic HH Needs are met","[REF1.3]Cash,Vouchers for most vuln.","Total Amount distributed this month in USD","Total Amount distributed this month in USD","MADABA","","UNHCR","   Urban areas - ","Direct appeal","None - Fund direct from Donors","Yes","2","1710",32246,"USD","Madaba Governorate","Center",""
"10454","BASIC NEEDS","28/2/2015","Basic HH Needs are met","[REF1.3]Cash,Vouchers for most vuln.","Total Amount distributed this month in USD","Total Amount distributed this month in USD","MADABA","","UNICEF","  Other[Villages, Rural areas]Urban areas - ","Direct appeal","None - Fund direct from Donors","Yes","2","1710",16384.18,"USD","Madaba Governorate","Center",""
"10582","BASIC NEEDS","30/3/2015","Basic HH Needs are met","[REF1.3]Cash,Vouchers for most vuln.","Total Amount distributed this month in USD","Total Amount distributed this month in USD","MADABA","","UNICEF","  Other[Villages, Rural areas]Urban areas - ","Direct appeal","None - Fund direct from Donors","Yes","2","1710",21920.9,"USD","Madaba Governorate","Center",""
"10595","BASIC NEEDS","30/4/2015","Basic HH Needs are met","[REF1.3]Cash,Vouchers for most vuln.","Total Amount distributed this month in USD","Total Amount distributed this month in USD","MADABA","","UNICEF","  Other[Villages, Rural areas]Urban areas - ","Direct appeal","None - Fund direct from Donors","Yes","2","1710",22627.11864,"USD","Madaba Governorate","Center",""
"11492","BASIC NEEDS","30/1/2015","Basic HH Needs are met","[REF1.3]Cash,Vouchers for most vuln.","Total Amount distributed this month in USD","Total Amount distributed this month in USD","MAFRAQ","","HI","  Other[Villages, Rural areas]Urban areas - ","Direct appeal","None - Fund direct from Donors","Yes","1","1711",49191,"USD","Mafraq Governorate","North",""
"11569","BASIC NEEDS","30/3/2015","Basic HH Needs are met","[REF1.3]Cash,Vouchers for most vuln.","Total Amount distributed this month in USD","Total Amount distributed this month in USD","MAFRAQ","","HI","  Other[Villages, Rural areas]Urban areas - ","Direct appeal","None - Fund direct from Donors","Yes","1","1711",98382,"USD","Mafraq Governorate","North",""
"11581","BASIC NEEDS","28/2/2015","Basic HH Needs are met","[REF1.3]Cash,Vouchers for most vuln.","Total Amount distributed this month in USD","Total Amount distributed this month in USD","MAFRAQ","","HI","  Other[Villages, Rural areas]Urban areas - ","Direct appeal","None - Fund direct from Donors","Yes","1","1711",98382,"USD","Mafraq Governorate","North",""
"11539","BASIC NEEDS","30/3/2015","Basic HH Needs are met","[REF1.3]Cash,Vouchers for most vuln.","Total Amount distributed this month in USD","Total Amount distributed this month in USD","MAFRAQ","","IRC","   Urban areas - ","Direct appeal","None - Fund direct from Donors","Yes","1","1711",25696.2,"USD","Mafraq Governorate","North",""
"11901","BASIC NEEDS","28/2/2015","Basic HH Needs are met","[REF1.3]Cash,Vouchers for most vuln.","Total Amount distributed this month in USD","Total Amount distributed this month in USD","MAFRAQ","","IRC","   Urban areas - ","Direct appeal","None - Fund direct from Donors","Yes","1","1711",166564,"USD","Mafraq Governorate","North",""
"11464","BASIC NEEDS","30/6/2015","Basic HH Needs are met","[REF1.3]Cash,Vouchers for most vuln.","Total Amount distributed this month in USD","Total Amount distributed this month in USD","MAFRAQ","","MEDAIR","  Other[Villages, Rural areas]Urban areas - ","Direct appeal","None - Fund direct from Donors","Yes","1","1711",10552,"USD","Mafraq Governorate","North",""
"12208","BASIC NEEDS","30/5/2015","Basic HH Needs are met","[REF1.3]Cash,Vouchers for most vuln.","Total Amount distributed this month in USD","Total Amount distributed this month in USD","MAFRAQ","","MEDAIR","  Other[Villages, Rural areas]Urban areas - ","Direct appeal","None - Fund direct from Donors","Yes","1","1711",5276,"USD","Mafraq Governorate","North",""
"12587","BASIC NEEDS","30/4/2015","Basic HH Needs are met","[REF1.3]Cash,Vouchers for most vuln.","Total Amount distributed this month in USD","Total Amount distributed this month in USD","MAFRAQ","","MEDAIR","  Other[Villages, Rural areas]Urban areas - ","Direct appeal","None - Fund direct from Donors","Yes","1","1711",5276,"USD","Mafraq Governorate","North",""
"12931","BASIC NEEDS","30/1/2015","Basic HH Needs are met","[REF1.3]Cash,Vouchers for most vuln.","Total Amount distributed this month in USD","Total Amount distributed this month in USD","MAFRAQ","","MEDAIR","  Other[Villages, Rural areas]Urban areas - ","Direct appeal","None - Fund direct from Donors","Yes","1","1711",38896,"USD","Mafraq Governorate","North",""
"13274","BASIC NEEDS","28/2/2015","Basic HH Needs are met","[REF1.3]Cash,Vouchers for most vuln.","Total Amount distributed this month in USD","Total Amount distributed this month in USD","MAFRAQ","","MEDAIR","  Other[Villages, Rural areas]Urban areas - ","Direct appeal","None - Fund direct from Donors","Yes","1","1711",38896,"USD","Mafraq Governorate","North",""
"14082","BASIC NEEDS","30/3/2015","Basic HH Needs are met","[REF1.3]Cash,Vouchers for most vuln.","Total Amount distributed this month in USD","Total Amount distributed this month in USD","MAFRAQ","","MEDAIR","  Other[Villages, Rural areas]Urban areas - ","Direct appeal","None - Fund direct from Donors","Yes","1","1711",22618,"USD","Mafraq Governorate","North",""
"10753","BASIC NEEDS","28/2/2015","Basic HH Needs are met","[REF1.3]Cash,Vouchers for most vuln.","Total Amount distributed this month in USD","Total Amount distributed this month in USD","MAFRAQ","","SCI","   Urban areas - ","Direct appeal","None - Fund direct from Donors","Yes","1","1711",12470,"USD","Mafraq Governorate","North",""
"10854","BASIC NEEDS","30/3/2015","Basic HH Needs are met","[REF1.3]Cash,Vouchers for most vuln.","Total Amount distributed this month in USD","Total Amount distributed this month in USD","MAFRAQ","","SCI","   Urban areas - ","Direct appeal","None - Fund direct from Donors","Yes","1","1711",12470,"USD","Mafraq Governorate","North",""
"10932","BASIC NEEDS","30/1/2015","Basic HH Needs are met","[REF1.3]Cash,Vouchers for most vuln.","Total Amount distributed this month in USD","Total Amount distributed this month in USD","MAFRAQ","","UNHCR","   Urban areas - ","Direct appeal","None - Fund direct from Donors","Yes","1","1711",358510,"USD","Mafraq Governorate","North",""
"11039","BASIC NEEDS","30/5/2015","Basic HH Needs are met","[REF1.3]Cash,Vouchers for most vuln.","Total Amount distributed this month in USD","Total Amount distributed this month in USD","MAFRAQ","","UNHCR","   Urban areas - ","Direct appeal","None - Fund direct from Donors","Yes","1","1711",300057,"USD","Mafraq Governorate","North",""
"11399","BASIC NEEDS","30/3/2015","Basic HH Needs are met","[REF1.3]Cash,Vouchers for most vuln.","Total Amount distributed this month in USD","Total Amount distributed this month in USD","MAFRAQ","","UNHCR","   Urban areas - ","Direct appeal","None - Fund direct from Donors","Yes","1","1711",338178,"USD","Mafraq Governorate","North",""
"11546","BASIC NEEDS","30/4/2015","Basic HH Needs are met","[REF1.3]Cash,Vouchers for most vuln.","Total Amount distributed this month in USD","Total Amount distributed this month in USD","MAFRAQ","","UNHCR","   Urban areas - ","Direct appeal","None - Fund direct from Donors","Yes","1","1711",300057,"USD","Mafraq Governorate","North",""
"11548","BASIC NEEDS","28/2/2015","Basic HH Needs are met","[REF1.3]Cash,Vouchers for most vuln.","Total Amount distributed this month in USD","Total Amount distributed this month in USD","MAFRAQ","","UNHCR","   Urban areas - ","Direct appeal","None - Fund direct from Donors","Yes","1","1711",352429,"USD","Mafraq Governorate","North",""
"13438","BASIC NEEDS","30/3/2015","Basic HH Needs are met","[REF1.3]Cash,Vouchers for most vuln.","Total Amount distributed this month in USD","Total Amount distributed this month in USD","MAFRAQ","","UNICEF","  Other[Villages, Rural areas]Urban areas - ","Direct appeal","None - Fund direct from Donors","Yes","1","1711",200621.47,"USD","Mafraq Governorate","North",""
"14121","BASIC NEEDS","28/2/2015","Basic HH Needs are met","[REF1.3]Cash,Vouchers for most vuln.","Total Amount distributed this month in USD","Total Amount distributed this month in USD","MAFRAQ","","UNICEF","  Other[Villages, Rural areas]Urban areas - ","Direct appeal","None - Fund direct from Donors","Yes","1","1711",184124.29,"USD","Mafraq Governorate","North",""
"14160","BASIC NEEDS","30/4/2015","Basic HH Needs are met","[REF1.3]Cash,Vouchers for most vuln.","Total Amount distributed this month in USD","Total Amount distributed this month in USD","MAFRAQ","","UNICEF","  Other[Villages, Rural areas]Urban areas - ","Direct appeal","None - Fund direct from Donors","Yes","1","1711",176073.4463,"USD","Mafraq Governorate","North",""
"14360","BASIC NEEDS","30/3/2015","Basic HH Needs are met","[REF1.3]Cash,Vouchers for most vuln.","Total Amount distributed this month in USD","Total Amount distributed this month in USD","TAFILAH","","SCI","   Urban areas - ","Direct appeal","None - Fund direct from Donors","Yes","3","1706",8410,"USD","Tafileh Governorate","South",""
"14391","BASIC NEEDS","28/2/2015","Basic HH Needs are met","[REF1.3]Cash,Vouchers for most vuln.","Total Amount distributed this month in USD","Total Amount distributed this month in USD","TAFILAH","","SCI","   Urban areas - ","Direct appeal","None - Fund direct from Donors","Yes","3","1706",8410,"USD","Tafileh Governorate","South",""
"14448","BASIC NEEDS","30/4/2015","Basic HH Needs are met","[REF1.3]Cash,Vouchers for most vuln.","Total Amount distributed this month in USD","Total Amount distributed this month in USD","TAFILAH","","UNHCR","   Urban areas - ","Direct appeal","None - Fund direct from Donors","Yes","3","1706",9576,"USD","Tafileh Governorate","South",""
"14479","BASIC NEEDS","30/1/2015","Basic HH Needs are met","[REF1.3]Cash,Vouchers for most vuln.","Total Amount distributed this month in USD","Total Amount distributed this month in USD","TAFILAH","","UNHCR","   Urban areas - ","Direct appeal","None - Fund direct from Donors","Yes","3","1706",9280,"USD","Tafileh Governorate","South",""
"14491","BASIC NEEDS","30/3/2015","Basic HH Needs are met","[REF1.3]Cash,Vouchers for most vuln.","Total Amount distributed this month in USD","Total Amount distributed this month in USD","TAFILAH","","UNHCR","   Urban areas - ","Direct appeal","None - Fund direct from Donors","Yes","3","1706",9590,"USD","Tafileh Governorate","South",""
"14503","BASIC NEEDS","30/5/2015","Basic HH Needs are met","[REF1.3]Cash,Vouchers for most vuln.","Total Amount distributed this month in USD","Total Amount distributed this month in USD","TAFILAH","","UNHCR","   Urban areas - ","Direct appeal","None - Fund direct from Donors","Yes","3","1706",9576,"USD","Tafileh Governorate","South",""
"14525","BASIC NEEDS","28/2/2015","Basic HH Needs are met","[REF1.3]Cash,Vouchers for most vuln.","Total Amount distributed this month in USD","Total Amount distributed this month in USD","TAFILAH","","UNHCR","   Urban areas - ","Direct appeal","None - Fund direct from Donors","Yes","3","1706",11045,"USD","Tafileh Governorate","South",""
"14418","BASIC NEEDS","30/3/2015","Basic HH Needs are met","[REF1.3]Cash,Vouchers for most vuln.","Total Amount distributed this month in USD","Total Amount distributed this month in USD","TAFILAH","","UNICEF","  Other[Villages, Rural areas]Urban areas - ","Direct appeal","None - Fund direct from Donors","Yes","3","1706",6158.19,"USD","Tafileh Governorate","South",""
"14459","BASIC NEEDS","30/4/2015","Basic HH Needs are met","[REF1.3]Cash,Vouchers for most vuln.","Total Amount distributed this month in USD","Total Amount distributed this month in USD","TAFILAH","","UNICEF","  Other[Villages, Rural areas]Urban areas - ","Direct appeal","None - Fund direct from Donors","Yes","3","1706",6045.19774,"USD","Tafileh Governorate","South",""
"14513","BASIC NEEDS","28/2/2015","Basic HH Needs are met","[REF1.3]Cash,Vouchers for most vuln.","Total Amount distributed this month in USD","Total Amount distributed this month in USD","TAFILAH","","UNICEF","  Other[Villages, Rural areas]Urban areas - ","Direct appeal","None - Fund direct from Donors","Yes","3","1706",3700.56,"USD","Tafileh Governorate","South",""
"16138","BASIC NEEDS","28/2/2015","Basic HH Needs are met","[REF1.3]Cash,Vouchers for most vuln.","Total Amount distributed this month in USD","Total Amount distributed this month in USD","ZARQA","","HI","  Other[Villages, Rural areas]Urban areas - ","Direct appeal","None - Fund direct from Donors","Yes","1","1712",21578,"USD","Zarqa Governorate","North",""
"16164","BASIC NEEDS","30/3/2015","Basic HH Needs are met","[REF1.3]Cash,Vouchers for most vuln.","Total Amount distributed this month in USD","Total Amount distributed this month in USD","ZARQA","","HI","  Other[Villages, Rural areas]Urban areas - ","Direct appeal","None - Fund direct from Donors","Yes","1","1712",21578,"USD","Zarqa Governorate","North",""
"16368","BASIC NEEDS","30/1/2015","Basic HH Needs are met","[REF1.3]Cash,Vouchers for most vuln.","Total Amount distributed this month in USD","Total Amount distributed this month in USD","ZARQA","","HI","  Other[Villages, Rural areas]Urban areas - ","Direct appeal","None - Fund direct from Donors","Yes","1","1712",10789,"USD","Zarqa Governorate","North",""
"15963","BASIC NEEDS","30/3/2015","Basic HH Needs are met","[REF1.3]Cash,Vouchers for most vuln.","Total Amount distributed this month in USD","Total Amount distributed this month in USD","ZARQA","","SCI","   Urban areas - ","Direct appeal","None - Fund direct from Donors","Yes","1","1712",52490,"USD","Zarqa Governorate","North",""
"16684","BASIC NEEDS","28/2/2015","Basic HH Needs are met","[REF1.3]Cash,Vouchers for most vuln.","Total Amount distributed this month in USD","Total Amount distributed this month in USD","ZARQA","","SCI","   Urban areas - ","Direct appeal","None - Fund direct from Donors","Yes","1","1712",52490,"USD","Zarqa Governorate","North",""
"14628","BASIC NEEDS","30/1/2015","Basic HH Needs are met","[REF1.3]Cash,Vouchers for most vuln.","Total Amount distributed this month in USD","Total Amount distributed this month in USD","ZARQA","","UNHCR","   Urban areas - ","Direct appeal","None - Fund direct from Donors","Yes","1","1712",318178,"USD","Zarqa Governorate","North",""
"15448","BASIC NEEDS","30/5/2015","Basic HH Needs are met","[REF1.3]Cash,Vouchers for most vuln.","Total Amount distributed this month in USD","Total Amount distributed this month in USD","ZARQA","","UNHCR","   Urban areas - ","Direct appeal","None - Fund direct from Donors","Yes","1","1712",385897,"USD","Zarqa Governorate","North",""
"15539","BASIC NEEDS","30/4/2015","Basic HH Needs are met","[REF1.3]Cash,Vouchers for most vuln.","Total Amount distributed this month in USD","Total Amount distributed this month in USD","ZARQA","","UNHCR","   Urban areas - ","Direct appeal","None - Fund direct from Donors","Yes","1","1712",385897,"USD","Zarqa Governorate","North",""
"15703","BASIC NEEDS","28/2/2015","Basic HH Needs are met","[REF1.3]Cash,Vouchers for most vuln.","Total Amount distributed this month in USD","Total Amount distributed this month in USD","ZARQA","","UNHCR","   Urban areas - ","Direct appeal","None - Fund direct from Donors","Yes","1","1712",315297,"USD","Zarqa Governorate","North",""
"16054","BASIC NEEDS","30/3/2015","Basic HH Needs are met","[REF1.3]Cash,Vouchers for most vuln.","Total Amount distributed this month in USD","Total Amount distributed this month in USD","ZARQA","","UNHCR","   Urban areas - ","Direct appeal","None - Fund direct from Donors","Yes","1","1712",358948,"USD","Zarqa Governorate","North",""
"15265","BASIC NEEDS","30/3/2015","Basic HH Needs are met","[REF1.3]Cash,Vouchers for most vuln.","Total Amount distributed this month in USD","Total Amount distributed this month in USD","ZARQA","","UNICEF","  Other[Villages, Rural areas]Urban areas - ","Direct appeal","None - Fund direct from Donors","Yes","1","1712",194350.28,"USD","Zarqa Governorate","North",""
"16232","BASIC NEEDS","30/4/2015","Basic HH Needs are met","[REF1.3]Cash,Vouchers for most vuln.","Total Amount distributed this month in USD","Total Amount distributed this month in USD","ZARQA","","UNICEF","  Other[Villages, Rural areas]Urban areas - ","Direct appeal","None - Fund direct from Donors","Yes","1","1712",209548.0226,"USD","Zarqa Governorate","North",""
"16354","BASIC NEEDS","28/2/2015","Basic HH Needs are met","[REF1.3]Cash,Vouchers for most vuln.","Total Amount distributed this month in USD","Total Amount distributed this month in USD","ZARQA","","UNICEF","  Other[Villages, Rural areas]Urban areas - ","Direct appeal","None - Fund direct from Donors","Yes","1","1712",143813.5,"USD","Zarqa Governorate","North",""
"1251","BASIC NEEDS","28/2/2015","Basic HH Needs are met","[REF1.4]Seasonal Assist for Harsh Weather","Total Amount distributed this month in USD","Total Amount distributed this month in USD","BALQA","","PU-AMI","   Urban areas - ","Direct appeal","None - Fund direct from Donors","Yes","2","1702",14461.24,"USD","Al Balqa Governorate","Center",""
"2287","BASIC NEEDS","30/1/2015","Basic HH Needs are met","[REF1.4]Seasonal Assist for Harsh Weather","Total Amount distributed this month in USD","Total Amount distributed this month in USD","AMMAN","","CARE","   Urban areas - ","Direct appeal","None - Fund direct from Donors","Yes","2","1705",2050,"USD","Amman Governorate","Center",""
"2637","BASIC NEEDS","30/3/2015","Basic HH Needs are met","[REF1.4]Seasonal Assist for Harsh Weather","Total Amount distributed this month in USD","Total Amount distributed this month in USD","AMMAN","","CARE","   Urban areas - ","Direct appeal","None - Fund direct from Donors","Yes","2","1705",504941,"USD","Amman Governorate","Center",""
"2128","BASIC NEEDS","30/1/2015","Basic HH Needs are met","[REF1.4]Seasonal Assist for Harsh Weather","Total Amount distributed this month in USD","Total Amount distributed this month in USD","AMMAN","","PU-AMI","   Urban areas - ","Direct appeal","None - Fund direct from Donors","Yes","2","1705",47632.48,"USD","Amman Governorate","Center",""
"3217","BASIC NEEDS","28/2/2015","Basic HH Needs are met","[REF1.4]Seasonal Assist for Harsh Weather","Total Amount distributed this month in USD","Total Amount distributed this month in USD","AMMAN","","PU-AMI","   Urban areas - ","Direct appeal","None - Fund direct from Donors","Yes","2","1705",23428.9,"USD","Amman Governorate","Center",""
"14588","BASIC NEEDS","30/1/2015","Basic HH Needs are met","[REF1.4]Seasonal Assist for Harsh Weather","Total Amount distributed this month in USD","Total Amount distributed this month in USD","AzraqCamp","","NRC","Camp    - ","Indirect appeal","UNHCR","Yes","1","1712",69720.52,"USD","Azraq Camp","North",""
"14590","BASIC NEEDS","28/2/2015","Basic HH Needs are met","[REF1.4]Seasonal Assist for Harsh Weather","Total Amount distributed this month in USD","Total Amount distributed this month in USD","AzraqCamp","","NRC","Camp    - ","Indirect appeal","UNHCR","Yes","1","1712",88114.09,"USD","Azraq Camp","North",""
"14603","BASIC NEEDS","30/3/2015","Basic HH Needs are met","[REF1.4]Seasonal Assist for Harsh Weather","Total Amount distributed this month in USD","Total Amount distributed this month in USD","AzraqCamp","","NRC","Camp    - ","Indirect appeal","UNHCR","Yes","1","1712",3846.7,"USD","Azraq Camp","North",""
"4779","BASIC NEEDS","30/1/2015","Basic HH Needs are met","[REF1.4]Seasonal Assist for Harsh Weather","Total Amount distributed this month in USD","Total Amount distributed this month in USD","IRBID","","CARE","   Urban areas - ","Direct appeal","None - Fund direct from Donors","Yes","1","1707",34870,"USD","Irbid Governorate","North",""
"4800","BASIC NEEDS","28/2/2015","Basic HH Needs are met","[REF1.4]Seasonal Assist for Harsh Weather","Total Amount distributed this month in USD","Total Amount distributed this month in USD","IRBID","","LWF","   Urban areas - ","Direct appeal","None - Fund direct from Donors","Yes","1","1707",14831,"USD","Irbid Governorate","North",""
"8192","BASIC NEEDS","28/2/2015","Basic HH Needs are met","[REF1.4]Seasonal Assist for Harsh Weather","Total Amount distributed this month in USD","Total Amount distributed this month in USD","JARASH","","PU-AMI","   Urban areas - ","Direct appeal","None - Fund direct from Donors","Yes","1","1708",9871.49,"USD","Jarash Governorate","North",""
"2008","BASIC NEEDS","30/1/2015","Basic HH Needs are met","[REF1.4]Seasonal Assist for Harsh Weather","Total Amount distributed this month in USD","Total Amount distributed this month in USD","AMMAN","","DRC","  Other[Villages, Rural areas]Urban areas - ","Direct appeal","None - Fund direct from Donors","Yes","2","1705",333262,"USD","Liwa Qasabat Amman","Center",""
"2139","BASIC NEEDS","30/3/2015","Basic HH Needs are met","[REF1.4]Seasonal Assist for Harsh Weather","Total Amount distributed this month in USD","Total Amount distributed this month in USD","AMMAN","","DRC","  Other[Villages, Rural areas]Urban areas - ","Direct appeal","None - Fund direct from Donors","Yes","2","1705",37544,"USD","Liwa Qasabat Amman","Center",""
"12515","BASIC NEEDS","30/1/2015","Basic HH Needs are met","[REF1.4]Seasonal Assist for Harsh Weather","Total Amount distributed this month in USD","Total Amount distributed this month in USD","MAFRAQ","","CARE","   Urban areas - ","Direct appeal","None - Fund direct from Donors","Yes","1","1711",25120,"USD","Mafraq Governorate","North",""
"12517","BASIC NEEDS","28/2/2015","Basic HH Needs are met","[REF1.4]Seasonal Assist for Harsh Weather","Total Amount distributed this month in USD","Total Amount distributed this month in USD","MAFRAQ","","CARE","   Urban areas - ","Direct appeal","None - Fund direct from Donors","Yes","1","1711",197463,"USD","Mafraq Governorate","North",""
"13361","BASIC NEEDS","30/3/2015","Basic HH Needs are met","[REF1.4]Seasonal Assist for Harsh Weather","Total Amount distributed this month in USD","Total Amount distributed this month in USD","MAFRAQ","","CARE","   Urban areas - ","Direct appeal","None - Fund direct from Donors","Yes","1","1711",697326,"USD","Mafraq Governorate","North",""
"14128","BASIC NEEDS","28/2/2015","Basic HH Needs are met","[REF1.4]Seasonal Assist for Harsh Weather","Total Amount distributed this month in USD","Total Amount distributed this month in USD","MAFRAQ","","LWF","   Urban areas - ","Direct appeal","None - Fund direct from Donors","Yes","1","1711",7768,"USD","Mafraq Governorate","North",""
"11628","BASIC NEEDS","30/1/2015","Basic HH Needs are met","[REF1.4]Seasonal Assist for Harsh Weather","Total Amount distributed this month in USD","Total Amount distributed this month in USD","ZaatariCamp","","NRC","Camp    - ","Direct appeal","None - Fund direct from Donors","Yes","1","1711",1751026,"USD","Zaatari Camp (all district)","North",""
"14338","BASIC NEEDS","30/1/2015","Basic HH Needs are met","[REF1.4]Seasonal Assist for Harsh Weather","Total Amount distributed this month in USD","Total Amount distributed this month in USD","ZaatariCamp","","NRC","Camp    - ","Indirect appeal","UNHCR","Yes","1","1711",1751026,"USD","Zaatari Camp (all district)","North",""
"16570","BASIC NEEDS","30/3/2015","Basic HH Needs are met","[REF1.4]Seasonal Assist for Harsh Weather","Total Amount distributed this month in USD","Total Amount distributed this month in USD","ZARQA","","CARE","   Urban areas - ","Direct appeal","None - Fund direct from Donors","Yes","1","1712",527508,"USD","Zarqa Governorate","North",""
"14594","BASIC NEEDS","30/1/2015","Basic HH Needs are met","[REF1.4]Seasonal Assist for Harsh Weather","Total Amount distributed this month in USD","Total Amount distributed this month in USD","ZARQA","","PU-AMI","   Urban areas - ","Direct appeal","None - Fund direct from Donors","Yes","1","1712",52564.84,"USD","Zarqa Governorate","North",""
"14925","BASIC NEEDS","28/2/2015","Basic HH Needs are met","[REF1.4]Seasonal Assist for Harsh Weather","Total Amount distributed this month in USD","Total Amount distributed this month in USD","ZARQA","","PU-AMI","   Urban areas - ","Direct appeal","None - Fund direct from Donors","Yes","1","1712",69608.83,"USD","Zarqa Governorate","North",""
